Date,Station,Precip
1/1/2016,0,9.14
1/1/2016,1,0.36
1/1/2016,2,9.98
1/1/2016,3,3.69
1/1/2016,4,9.04
1/1/2016,5,2.01
1/1/2016,6,1.89
1/1/2016,7,9.7
1/1/2016,8,3.83
1/2/2016,0,0.32
1/2/2016,1,1.25
1/2/2016,2,8.03
1/2/2016,3,4.77
1/2/2016,4,4.24
1/2/2016,5,1.11
1/2/2016,6,9.85
1/2/2016,7,9.78
1/2/2016,8,1.95
1/3/2016,0,7.31
1/3/2016,1,5.7
1/3/2016,2,3.15
1/3/2016,3,9.97
1/3/2016,4,4.12
1/3/2016,5,6.31
1/3/2016,6,3.44
1/3/2016,7,6
1/3/2016,8,2.88
1/4/2016,0,1.53
1/4/2016,1,5.13
1/4/2016,2,6.08
1/4/2016,3,5.81
1/4/2016,4,4.14
1/4/2016,5,0.46
1/4/2016,6,7.07
1/4/2016,7,9.97
1/4/2016,8,8.39
1/5/2016,0,5.56
1/5/2016,1,4.71
1/5/2016,2,0.94
1/5/2016,3,1.38
1/5/2016,4,8.7
1/5/2016,5,6.22
1/5/2016,6,1.86
1/5/2016,7,6.82
1/5/2016,8,9.44
1/6/2016,0,3.85
1/6/2016,1,0.96
1/6/2016,2,6.58
1/6/2016,3,4.22
1/6/2016,4,2.28
1/6/2016,5,0.07
1/6/2016,6,5.41
1/6/2016,7,8.11
1/6/2016,8,8.75
1/7/2016,0,7.31
1/7/2016,1,8.27
1/7/2016,2,2.22
1/7/2016,3,9.23
1/7/2016,4,9.34
1/7/2016,5,7.28
1/7/2016,6,3.62
1/7/2016,7,7.85
1/7/2016,8,2.62
1/8/2016,0,8.09
1/8/2016,1,7.58
1/8/2016,2,9.77
1/8/2016,3,8.47
1/8/2016,4,0.85
1/8/2016,5,2.22
1/8/2016,6,9.42
1/8/2016,7,3.69
1/8/2016,8,1.77
1/9/2016,0,2.08
1/9/2016,1,7.16
1/9/2016,2,7.14
1/9/2016,3,5.24
1/9/2016,4,0.17
1/9/2016,5,7.43
1/9/2016,6,2.79
1/9/2016,7,4.76
1/9/2016,8,7.81
1/10/2016,0,0.44
1/10/2016,1,1.4
1/10/2016,2,3.5
1/10/2016,3,7.74
1/10/2016,4,7.9
1/10/2016,5,6.21
1/10/2016,6,1.78
1/10/2016,7,8.82
1/10/2016,8,0.25
1/11/2016,0,3.07
1/11/2016,1,8.93
1/11/2016,2,9.79
1/11/2016,3,9.27
1/11/2016,4,1.4
1/11/2016,5,2.08
1/11/2016,6,5.78
1/11/2016,7,5.32
1/11/2016,8,0.73
1/12/2016,0,2.72
1/12/2016,1,3.56
1/12/2016,2,2.94
1/12/2016,3,6.8
1/12/2016,4,4.56
1/12/2016,5,0.37
1/12/2016,6,1.78
1/12/2016,7,2.42
1/12/2016,8,3.34
1/13/2016,0,7.25
1/13/2016,1,2.7
1/13/2016,2,0.71
1/13/2016,3,9.58
1/13/2016,4,9.34
1/13/2016,5,0.36
1/13/2016,6,2.9
1/13/2016,7,0.6
1/13/2016,8,4.97
1/14/2016,0,4.05
1/14/2016,1,8.14
1/14/2016,2,6.76
1/14/2016,3,0.04
1/14/2016,4,8.82
1/14/2016,5,0.53
1/14/2016,6,0.08
1/14/2016,7,6.54
1/14/2016,8,7.12
1/15/2016,0,7.14
1/15/2016,1,0.45
1/15/2016,2,2.12
1/15/2016,3,9.44
1/15/2016,4,1.48
1/15/2016,5,5.71
1/15/2016,6,2.84
1/15/2016,7,9.33
1/15/2016,8,8.53
1/16/2016,0,7.13
1/16/2016,1,2.48
1/16/2016,2,3.93
1/16/2016,3,1.56
1/16/2016,4,1.18
1/16/2016,5,0.21
1/16/2016,6,6.41
1/16/2016,7,5.43
1/16/2016,8,1.56
1/17/2016,0,2.91
1/17/2016,1,0.82
1/17/2016,2,8.3
1/17/2016,3,3.16
1/17/2016,4,9.47
1/17/2016,5,2.85
1/17/2016,6,1.64
1/17/2016,7,0.88
1/17/2016,8,2.68
1/18/2016,0,2.47
1/18/2016,1,8.37
1/18/2016,2,1.75
1/18/2016,3,8.08
1/18/2016,4,5.53
1/18/2016,5,0.19
1/18/2016,6,8.49
1/18/2016,7,0.5
1/18/2016,8,1.8
1/19/2016,0,8.31
1/19/2016,1,6.24
1/19/2016,2,6.24
1/19/2016,3,6.57
1/19/2016,4,6.12
1/19/2016,5,1.8
1/19/2016,6,2.97
1/19/2016,7,0.94
1/19/2016,8,8.46
1/20/2016,0,6.7
1/20/2016,1,0.08
1/20/2016,2,4.08
1/20/2016,3,9.84
1/20/2016,4,0.9
1/20/2016,5,9.11
1/20/2016,6,6.81
1/20/2016,7,3
1/20/2016,8,4.36
1/21/2016,0,8.03
1/21/2016,1,1.9
1/21/2016,2,0.11
1/21/2016,3,7.03
1/21/2016,4,3.01
1/21/2016,5,0.99
1/21/2016,6,1.18
1/21/2016,7,6.33
1/21/2016,8,8.44
1/22/2016,0,2.02
1/22/2016,1,7.97
1/22/2016,2,3.01
1/22/2016,3,9.21
1/22/2016,4,3.7
1/22/2016,5,7.48
1/22/2016,6,2.59
1/22/2016,7,9.39
1/22/2016,8,5.76
1/23/2016,0,5.67
1/23/2016,1,9.53
1/23/2016,2,7.8
1/23/2016,3,4.34
1/23/2016,4,0.94
1/23/2016,5,5.9
1/23/2016,6,4.09
1/23/2016,7,2.38
1/23/2016,8,7
1/24/2016,0,4.32
1/24/2016,1,8.93
1/24/2016,2,3.45
1/24/2016,3,6.2
1/24/2016,4,7.5
1/24/2016,5,7.45
1/24/2016,6,6.23
1/24/2016,7,7.98
1/24/2016,8,3.28
1/25/2016,0,8.68
1/25/2016,1,3.47
1/25/2016,2,1.66
1/25/2016,3,4.15
1/25/2016,4,2.38
1/25/2016,5,6.09
1/25/2016,6,9.3
1/25/2016,7,5.48
1/25/2016,8,0.96
1/26/2016,0,8.15
1/26/2016,1,2.27
1/26/2016,2,4.57
1/26/2016,3,6.57
1/26/2016,4,2.81
1/26/2016,5,4.56
1/26/2016,6,6.13
1/26/2016,7,2.4
1/26/2016,8,3.13
1/27/2016,0,7.25
1/27/2016,1,5.72
1/27/2016,2,2.95
1/27/2016,3,3.89
1/27/2016,4,0.66
1/27/2016,5,4.41
1/27/2016,6,9.96
1/27/2016,7,2.32
1/27/2016,8,5.44
1/28/2016,0,1.95
1/28/2016,1,9.84
1/28/2016,2,6.19
1/28/2016,3,9.3
1/28/2016,4,5.37
1/28/2016,5,3.12
1/28/2016,6,7.74
1/28/2016,7,3.34
1/28/2016,8,2.55
1/29/2016,0,8.96
1/29/2016,1,0.27
1/29/2016,2,1.13
1/29/2016,3,7.58
1/29/2016,4,5.46
1/29/2016,5,2.52
1/29/2016,6,3.75
1/29/2016,7,5.7
1/29/2016,8,2.22
1/30/2016,0,2.64
1/30/2016,1,6.34
1/30/2016,2,0.99
1/30/2016,3,2.46
1/30/2016,4,9.51
1/30/2016,5,5.02
1/30/2016,6,9.25
1/30/2016,7,0.54
1/30/2016,8,4.48
1/31/2016,0,8.28
1/31/2016,1,1.49
1/31/2016,2,5.28
1/31/2016,3,0.35
1/31/2016,4,3.7
1/31/2016,5,1.5
1/31/2016,6,0.54
1/31/2016,7,7.93
1/31/2016,8,8.93
2/1/2016,0,1.66
2/1/2016,1,2.52
2/1/2016,2,2.45
2/1/2016,3,5.79
2/1/2016,4,7.34
2/1/2016,5,7.47
2/1/2016,6,3.67
2/1/2016,7,7.81
2/1/2016,8,9.35
2/2/2016,0,4.46
2/2/2016,1,3.67
2/2/2016,2,4.19
2/2/2016,3,7.8
2/2/2016,4,5.15
2/2/2016,5,5.85
2/2/2016,6,8.09
2/2/2016,7,8.34
2/2/2016,8,6.99
2/3/2016,0,7.16
2/3/2016,1,2.67
2/3/2016,2,3.54
2/3/2016,3,6.19
2/3/2016,4,3.04
2/3/2016,5,6.55
2/3/2016,6,7.94
2/3/2016,7,4.69
2/3/2016,8,1.22
2/4/2016,0,8.98
2/4/2016,1,5.33
2/4/2016,2,8.45
2/4/2016,3,6.3
2/4/2016,4,6.17
2/4/2016,5,0.64
2/4/2016,6,5.17
2/4/2016,7,1.5
2/4/2016,8,2.32
2/5/2016,0,6.89
2/5/2016,1,5.96
2/5/2016,2,8.07
2/5/2016,3,2.87
2/5/2016,4,9.71
2/5/2016,5,9.27
2/5/2016,6,5.55
2/5/2016,7,2.85
2/5/2016,8,8.21
2/6/2016,0,5.08
2/6/2016,1,7.93
2/6/2016,2,0.33
2/6/2016,3,0.89
2/6/2016,4,4.08
2/6/2016,5,1.99
2/6/2016,6,3.43
2/6/2016,7,9.9
2/6/2016,8,9.39
2/7/2016,0,3.87
2/7/2016,1,9.41
2/7/2016,2,5.03
2/7/2016,3,8.53
2/7/2016,4,9.22
2/7/2016,5,6.36
2/7/2016,6,1.37
2/7/2016,7,8.91
2/7/2016,8,0.34
2/8/2016,0,0.88
2/8/2016,1,0.85
2/8/2016,2,3.48
2/8/2016,3,1.1
2/8/2016,4,0.16
2/8/2016,5,8.62
2/8/2016,6,2.17
2/8/2016,7,6.49
2/8/2016,8,3.27
2/9/2016,0,9.63
2/9/2016,1,0.84
2/9/2016,2,9.37
2/9/2016,3,4.28
2/9/2016,4,9.45
2/9/2016,5,1.79
2/9/2016,6,0.92
2/9/2016,7,9.45
2/9/2016,8,6.13
2/10/2016,0,9.03
2/10/2016,1,5.35
2/10/2016,2,1.75
2/10/2016,3,6.65
2/10/2016,4,7.04
2/10/2016,5,1.45
2/10/2016,6,8.55
2/10/2016,7,2.3
2/10/2016,8,4.02
2/11/2016,0,5.61
2/11/2016,1,2.61
2/11/2016,2,2.22
2/11/2016,3,9.04
2/11/2016,4,1.17
2/11/2016,5,2.16
2/11/2016,6,3.36
2/11/2016,7,8.32
2/11/2016,8,9.21
2/12/2016,0,3.22
2/12/2016,1,8.09
2/12/2016,2,7.08
2/12/2016,3,4.22
2/12/2016,4,6.21
2/12/2016,5,7.69
2/12/2016,6,2.32
2/12/2016,7,6.19
2/12/2016,8,9.23
2/13/2016,0,1.33
2/13/2016,1,6.72
2/13/2016,2,7.64
2/13/2016,3,2.54
2/13/2016,4,4.99
2/13/2016,5,5.04
2/13/2016,6,9.84
2/13/2016,7,2.27
2/13/2016,8,4.44
2/14/2016,0,3.17
2/14/2016,1,7.79
2/14/2016,2,6.45
2/14/2016,3,9.39
2/14/2016,4,3.97
2/14/2016,5,7.54
2/14/2016,6,3.24
2/14/2016,7,3.59
2/14/2016,8,5.62
2/15/2016,0,2.46
2/15/2016,1,9.45
2/15/2016,2,6.79
2/15/2016,3,6.01
2/15/2016,4,7.61
2/15/2016,5,7.24
2/15/2016,6,0.47
2/15/2016,7,0.84
2/15/2016,8,2.4
2/16/2016,0,8.34
2/16/2016,1,8.17
2/16/2016,2,4.07
2/16/2016,3,2.07
2/16/2016,4,7.89
2/16/2016,5,5.64
2/16/2016,6,7.06
2/16/2016,7,8.35
2/16/2016,8,4.81
2/17/2016,0,3.11
2/17/2016,1,6.38
2/17/2016,2,7.53
2/17/2016,3,1.27
2/17/2016,4,3.99
2/17/2016,5,1.2
2/17/2016,6,2.19
2/17/2016,7,1.89
2/17/2016,8,0.38
2/18/2016,0,8.17
2/18/2016,1,9.37
2/18/2016,2,2.12
2/18/2016,3,5.15
2/18/2016,4,5.42
2/18/2016,5,3.35
2/18/2016,6,6.22
2/18/2016,7,4.72
2/18/2016,8,7.69
2/19/2016,0,6.36
2/19/2016,1,7.53
2/19/2016,2,4.61
2/19/2016,3,1.3
2/19/2016,4,4.09
2/19/2016,5,7.55
2/19/2016,6,1.65
2/19/2016,7,1.22
2/19/2016,8,5.67
2/20/2016,0,5.8
2/20/2016,1,3.32
2/20/2016,2,2.41
2/20/2016,3,9.94
2/20/2016,4,9.5
2/20/2016,5,4.51
2/20/2016,6,4.06
2/20/2016,7,0.71
2/20/2016,8,0.64
2/21/2016,0,6.41
2/21/2016,1,8.64
2/21/2016,2,3.62
2/21/2016,3,7.97
2/21/2016,4,0.64
2/21/2016,5,7.13
2/21/2016,6,6.61
2/21/2016,7,3.52
2/21/2016,8,4
2/22/2016,0,8.12
2/22/2016,1,3.91
2/22/2016,2,6.08
2/22/2016,3,5.7
2/22/2016,4,1.27
2/22/2016,5,0.8
2/22/2016,6,9.16
2/22/2016,7,9.58
2/22/2016,8,4.97
2/23/2016,0,2.86
2/23/2016,1,7.26
2/23/2016,2,8.13
2/23/2016,3,3.74
2/23/2016,4,8.41
2/23/2016,5,2.1
2/23/2016,6,4.09
2/23/2016,7,3.84
2/23/2016,8,7.63
2/24/2016,0,0.26
2/24/2016,1,7.88
2/24/2016,2,4
2/24/2016,3,5.15
2/24/2016,4,4.31
2/24/2016,5,5.98
2/24/2016,6,4.37
2/24/2016,7,5.48
2/24/2016,8,2.6
2/25/2016,0,6.18
2/25/2016,1,8.41
2/25/2016,2,2.25
2/25/2016,3,6.69
2/25/2016,4,0.52
2/25/2016,5,1.6
2/25/2016,6,3.06
2/25/2016,7,1.42
2/25/2016,8,5.69
2/26/2016,0,5.87
2/26/2016,1,1.06
2/26/2016,2,9.68
2/26/2016,3,3.68
2/26/2016,4,0.52
2/26/2016,5,3.79
2/26/2016,6,3.17
2/26/2016,7,2.6
2/26/2016,8,8.98
2/27/2016,0,7.08
2/27/2016,1,0.46
2/27/2016,2,8.61
2/27/2016,3,5.53
2/27/2016,4,9.17
2/27/2016,5,6.02
2/27/2016,6,5.21
2/27/2016,7,7.72
2/27/2016,8,5.87
2/28/2016,0,7.22
2/28/2016,1,5.4
2/28/2016,2,8.34
2/28/2016,3,2.94
2/28/2016,4,1.56
2/28/2016,5,5.5
2/28/2016,6,5.39
2/28/2016,7,5.66
2/28/2016,8,2.99
2/29/2016,0,6.85
2/29/2016,1,9.88
2/29/2016,2,9.04
2/29/2016,3,4.57
2/29/2016,4,3.05
2/29/2016,5,8.71
2/29/2016,6,4.09
2/29/2016,7,4.29
2/29/2016,8,5.97
3/1/2016,0,4.75
3/1/2016,1,7.09
3/1/2016,2,2.5
3/1/2016,3,3.14
3/1/2016,4,6.7
3/1/2016,5,8.96
3/1/2016,6,2.3
3/1/2016,7,3.18
3/1/2016,8,8.89
3/2/2016,0,1.49
3/2/2016,1,8.42
3/2/2016,2,3.11
3/2/2016,3,5.51
3/2/2016,4,5.34
3/2/2016,5,6.79
3/2/2016,6,3.62
3/2/2016,7,3.83
3/2/2016,8,2.76
3/3/2016,0,4
3/3/2016,1,3.91
3/3/2016,2,8.62
3/3/2016,3,3.93
3/3/2016,4,5.41
3/3/2016,5,7.7
3/3/2016,6,3.4
3/3/2016,7,2.29
3/3/2016,8,1.45
3/4/2016,0,6.03
3/4/2016,1,4.54
3/4/2016,2,8.11
3/4/2016,3,3.58
3/4/2016,4,0.33
3/4/2016,5,1.1
3/4/2016,6,4.14
3/4/2016,7,5.83
3/4/2016,8,1.52
3/5/2016,0,6.64
3/5/2016,1,9.47
3/5/2016,2,2.7
3/5/2016,3,6.83
3/5/2016,4,9.14
3/5/2016,5,9.93
3/5/2016,6,1.67
3/5/2016,7,6.43
3/5/2016,8,2.09
3/6/2016,0,4.3
3/6/2016,1,6.85
3/6/2016,2,6.08
3/6/2016,3,2.18
3/6/2016,4,5.58
3/6/2016,5,0.45
3/6/2016,6,0.41
3/6/2016,7,9.55
3/6/2016,8,5.82
3/7/2016,0,0.69
3/7/2016,1,3.87
3/7/2016,2,1.93
3/7/2016,3,0.96
3/7/2016,4,7.68
3/7/2016,5,2.7
3/7/2016,6,7.59
3/7/2016,7,9.65
3/7/2016,8,3.74
3/8/2016,0,1.99
3/8/2016,1,0.62
3/8/2016,2,6.07
3/8/2016,3,1.27
3/8/2016,4,6.3
3/8/2016,5,8.55
3/8/2016,6,2.26
3/8/2016,7,8.69
3/8/2016,8,1.05
3/9/2016,0,4.45
3/9/2016,1,9.92
3/9/2016,2,4.97
3/9/2016,3,4.57
3/9/2016,4,4.78
3/9/2016,5,4.95
3/9/2016,6,4.08
3/9/2016,7,7.52
3/9/2016,8,0.03
3/10/2016,0,0.78
3/10/2016,1,3.34
3/10/2016,2,7.01
3/10/2016,3,6.87
3/10/2016,4,8.07
3/10/2016,5,3.88
3/10/2016,6,8.05
3/10/2016,7,9.93
3/10/2016,8,8.81
3/11/2016,0,7.24
3/11/2016,1,3.42
3/11/2016,2,5.97
3/11/2016,3,3.04
3/11/2016,4,9.23
3/11/2016,5,6.52
3/11/2016,6,5.45
3/11/2016,7,4.79
3/11/2016,8,1.33
3/12/2016,0,8.4
3/12/2016,1,4.79
3/12/2016,2,1.88
3/12/2016,3,0.12
3/12/2016,4,1.88
3/12/2016,5,7.52
3/12/2016,6,1.15
3/12/2016,7,7.39
3/12/2016,8,0.16
3/13/2016,0,4.22
3/13/2016,1,6.73
3/13/2016,2,7.04
3/13/2016,3,7.26
3/13/2016,4,9.02
3/13/2016,5,3.74
3/13/2016,6,0.02
3/13/2016,7,0.59
3/13/2016,8,5.32
3/14/2016,0,4.29
3/14/2016,1,5.41
3/14/2016,2,3.31
3/14/2016,3,4.4
3/14/2016,4,5.64
3/14/2016,5,3.62
3/14/2016,6,5.88
3/14/2016,7,8.61
3/14/2016,8,2.42
3/15/2016,0,8.01
3/15/2016,1,1.41
3/15/2016,2,4.83
3/15/2016,3,6.62
3/15/2016,4,2.1
3/15/2016,5,9.25
3/15/2016,6,5.29
3/15/2016,7,8.87
3/15/2016,8,2.93
3/16/2016,0,4.63
3/16/2016,1,9.73
3/16/2016,2,4.29
3/16/2016,3,5.25
3/16/2016,4,0.24
3/16/2016,5,7.47
3/16/2016,6,4.6
3/16/2016,7,7.52
3/16/2016,8,6.97
3/17/2016,0,8.09
3/17/2016,1,5.67
3/17/2016,2,8.3
3/17/2016,3,7.24
3/17/2016,4,6.96
3/17/2016,5,6.37
3/17/2016,6,0.72
3/17/2016,7,3.98
3/17/2016,8,5.25
3/18/2016,0,0.26
3/18/2016,1,3.48
3/18/2016,2,2.47
3/18/2016,3,4.65
3/18/2016,4,6.21
3/18/2016,5,9.23
3/18/2016,6,0.11
3/18/2016,7,3.56
3/18/2016,8,8.27
3/19/2016,0,5.07
3/19/2016,1,1.32
3/19/2016,2,5.17
3/19/2016,3,7.41
3/19/2016,4,5.04
3/19/2016,5,1
3/19/2016,6,7.73
3/19/2016,7,0.14
3/19/2016,8,2.03
3/20/2016,0,0.09
3/20/2016,1,3.75
3/20/2016,2,9.73
3/20/2016,3,4.59
3/20/2016,4,0.98
3/20/2016,5,8.17
3/20/2016,6,5.95
3/20/2016,7,4.43
3/20/2016,8,9.11
3/21/2016,0,4.97
3/21/2016,1,8.33
3/21/2016,2,2.28
3/21/2016,3,9.04
3/21/2016,4,8.13
3/21/2016,5,5.91
3/21/2016,6,2.72
3/21/2016,7,0.34
3/21/2016,8,5.41
3/22/2016,0,4.16
3/22/2016,1,3.47
3/22/2016,2,8.51
3/22/2016,3,3
3/22/2016,4,5.47
3/22/2016,5,1.38
3/22/2016,6,1.25
3/22/2016,7,4.77
3/22/2016,8,5.45
3/23/2016,0,4.63
3/23/2016,1,8.73
3/23/2016,2,2.54
3/23/2016,3,1.36
3/23/2016,4,0.77
3/23/2016,5,9.32
3/23/2016,6,2.58
3/23/2016,7,2.8
3/23/2016,8,0.99
3/24/2016,0,9.03
3/24/2016,1,9.43
3/24/2016,2,6.94
3/24/2016,3,3.62
3/24/2016,4,3.74
3/24/2016,5,9.99
3/24/2016,6,2.67
3/24/2016,7,4.21
3/24/2016,8,8.05
3/25/2016,0,9.85
3/25/2016,1,8.21
3/25/2016,2,5.2
3/25/2016,3,3.79
3/25/2016,4,8.79
3/25/2016,5,6.82
3/25/2016,6,5.39
3/25/2016,7,4.01
3/25/2016,8,4.57
3/26/2016,0,4.02
3/26/2016,1,8.6
3/26/2016,2,5.47
3/26/2016,3,2.21
3/26/2016,4,7.31
3/26/2016,5,1.01
3/26/2016,6,3.81
3/26/2016,7,1.2
3/26/2016,8,6.64
3/27/2016,0,8.93
3/27/2016,1,0.7
3/27/2016,2,4.46
3/27/2016,3,9.73
3/27/2016,4,2.12
3/27/2016,5,1.57
3/27/2016,6,1.01
3/27/2016,7,1.25
3/27/2016,8,3.09
3/28/2016,0,5.94
3/28/2016,1,8.85
3/28/2016,2,9.33
3/28/2016,3,9.34
3/28/2016,4,9.57
3/28/2016,5,6.18
3/28/2016,6,5.58
3/28/2016,7,3.87
3/28/2016,8,9.34
3/29/2016,0,6.19
3/29/2016,1,7.56
3/29/2016,2,8.99
3/29/2016,3,7.07
3/29/2016,4,5.71
3/29/2016,5,3.33
3/29/2016,6,9.98
3/29/2016,7,8.23
3/29/2016,8,8.38
3/30/2016,0,8.83
3/30/2016,1,7.94
3/30/2016,2,5.07
3/30/2016,3,0.82
3/30/2016,4,7.39
3/30/2016,5,5.82
3/30/2016,6,1.31
3/30/2016,7,4.05
3/30/2016,8,9.95
3/31/2016,0,7.49
3/31/2016,1,7.55
3/31/2016,2,3.27
3/31/2016,3,1.61
3/31/2016,4,7.57
3/31/2016,5,2.09
3/31/2016,6,5.94
3/31/2016,7,6.96
3/31/2016,8,8.79
4/1/2016,0,2.02
4/1/2016,1,2.26
4/1/2016,2,2.22
4/1/2016,3,4.36
4/1/2016,4,3.08
4/1/2016,5,1.94
4/1/2016,6,7.03
4/1/2016,7,5.26
4/1/2016,8,5.19
4/2/2016,0,8.37
4/2/2016,1,2.51
4/2/2016,2,6.21
4/2/2016,3,2.27
4/2/2016,4,4.58
4/2/2016,5,5
4/2/2016,6,9.44
4/2/2016,7,1.4
4/2/2016,8,5.26
4/3/2016,0,6.92
4/3/2016,1,2.47
4/3/2016,2,6.3
4/3/2016,3,5.84
4/3/2016,4,7.13
4/3/2016,5,4.65
4/3/2016,6,4.68
4/3/2016,7,2.51
4/3/2016,8,3.15
4/4/2016,0,7.31
4/4/2016,1,7.03
4/4/2016,2,6.94
4/4/2016,3,6.9
4/4/2016,4,4.07
4/4/2016,5,7.15
4/4/2016,6,5.42
4/4/2016,7,3.5
4/4/2016,8,1.18
4/5/2016,0,0.76
4/5/2016,1,5.21
4/5/2016,2,0.25
4/5/2016,3,2.44
4/5/2016,4,9.5
4/5/2016,5,0.02
4/5/2016,6,8.93
4/5/2016,7,9.73
4/5/2016,8,1.86
4/6/2016,0,2.49
4/6/2016,1,0.06
4/6/2016,2,8.13
4/6/2016,3,1.37
4/6/2016,4,4.19
4/6/2016,5,2.16
4/6/2016,6,4.02
4/6/2016,7,5.1
4/6/2016,8,2.3
4/7/2016,0,2.45
4/7/2016,1,5.68
4/7/2016,2,2.24
4/7/2016,3,8.24
4/7/2016,4,8.24
4/7/2016,5,8.6
4/7/2016,6,3.37
4/7/2016,7,5.2
4/7/2016,8,9.48
4/8/2016,0,1.63
4/8/2016,1,5.89
4/8/2016,2,0.59
4/8/2016,3,3.92
4/8/2016,4,6.34
4/8/2016,5,0.17
4/8/2016,6,4.48
4/8/2016,7,5.99
4/8/2016,8,8.69
4/9/2016,0,3.76
4/9/2016,1,7.11
4/9/2016,2,9.26
4/9/2016,3,1.45
4/9/2016,4,8.41
4/9/2016,5,6.78
4/9/2016,6,0.16
4/9/2016,7,6.08
4/9/2016,8,5.39
4/10/2016,0,4.74
4/10/2016,1,7.8
4/10/2016,2,4.62
4/10/2016,3,0.11
4/10/2016,4,4.62
4/10/2016,5,0.33
4/10/2016,6,6.14
4/10/2016,7,6.36
4/10/2016,8,2.85
4/11/2016,0,3.77
4/11/2016,1,6.8
4/11/2016,2,3.36
4/11/2016,3,0.45
4/11/2016,4,2.93
4/11/2016,5,9.98
4/11/2016,6,6.81
4/11/2016,7,8.1
4/11/2016,8,7.57
4/12/2016,0,0.5
4/12/2016,1,6.14
4/12/2016,2,4.41
4/12/2016,3,8.9
4/12/2016,4,7.31
4/12/2016,5,5.89
4/12/2016,6,1.06
4/12/2016,7,3.08
4/12/2016,8,0.06
4/13/2016,0,8.6
4/13/2016,1,0.11
4/13/2016,2,8.47
4/13/2016,3,8.11
4/13/2016,4,0.38
4/13/2016,5,5.56
4/13/2016,6,3.04
4/13/2016,7,4.85
4/13/2016,8,7.99
4/14/2016,0,5.79
4/14/2016,1,6.72
4/14/2016,2,6.48
4/14/2016,3,7.78
4/14/2016,4,3.93
4/14/2016,5,1
4/14/2016,6,1.86
4/14/2016,7,3.22
4/14/2016,8,0.16
4/15/2016,0,4.76
4/15/2016,1,9.23
4/15/2016,2,6.98
4/15/2016,3,4.11
4/15/2016,4,1.03
4/15/2016,5,6.6
4/15/2016,6,8.06
4/15/2016,7,5.28
4/15/2016,8,3.9
4/16/2016,0,4.43
4/16/2016,1,2.03
4/16/2016,2,6.79
4/16/2016,3,8.9
4/16/2016,4,3.75
4/16/2016,5,4.9
4/16/2016,6,0.71
4/16/2016,7,2.8
4/16/2016,8,7.64
4/17/2016,0,6.95
4/17/2016,1,3.48
4/17/2016,2,0.74
4/17/2016,3,1.55
4/17/2016,4,3.3
4/17/2016,5,6.37
4/17/2016,6,9.82
4/17/2016,7,6.07
4/17/2016,8,2.15
4/18/2016,0,8.92
4/18/2016,1,7.85
4/18/2016,2,6.29
4/18/2016,3,9.99
4/18/2016,4,3.34
4/18/2016,5,5.62
4/18/2016,6,3.19
4/18/2016,7,5.42
4/18/2016,8,3.4
4/19/2016,0,8.85
4/19/2016,1,5.99
4/19/2016,2,9.76
4/19/2016,3,4.92
4/19/2016,4,3.26
4/19/2016,5,9.23
4/19/2016,6,3.05
4/19/2016,7,3.61
4/19/2016,8,2.76
4/20/2016,0,4.51
4/20/2016,1,8.77
4/20/2016,2,2.4
4/20/2016,3,5.73
4/20/2016,4,5.03
4/20/2016,5,9.01
4/20/2016,6,2.63
4/20/2016,7,9.1
4/20/2016,8,0.26
4/21/2016,0,4.79
4/21/2016,1,2.58
4/21/2016,2,3.32
4/21/2016,3,9.58
4/21/2016,4,2.82
4/21/2016,5,2.43
4/21/2016,6,3.72
4/21/2016,7,5.76
4/21/2016,8,0.9
4/22/2016,0,6.78
4/22/2016,1,5.7
4/22/2016,2,3.94
4/22/2016,3,8.99
4/22/2016,4,4.79
4/22/2016,5,1.47
4/22/2016,6,7.13
4/22/2016,7,2.04
4/22/2016,8,3.16
4/23/2016,0,6.08
4/23/2016,1,6.65
4/23/2016,2,3.58
4/23/2016,3,8.82
4/23/2016,4,9.27
4/23/2016,5,4.91
4/23/2016,6,6.14
4/23/2016,7,7.17
4/23/2016,8,7.27
4/24/2016,0,8.36
4/24/2016,1,5.94
4/24/2016,2,5.97
4/24/2016,3,5.89
4/24/2016,4,0.12
4/24/2016,5,4.07
4/24/2016,6,7.05
4/24/2016,7,2.2
4/24/2016,8,6
4/25/2016,0,6.11
4/25/2016,1,5.91
4/25/2016,2,6.83
4/25/2016,3,2.04
4/25/2016,4,5.17
4/25/2016,5,3.91
4/25/2016,6,3.59
4/25/2016,7,8.94
4/25/2016,8,0.79
4/26/2016,0,8.98
4/26/2016,1,5.63
4/26/2016,2,6.67
4/26/2016,3,7.66
4/26/2016,4,8.68
4/26/2016,5,0.25
4/26/2016,6,2.56
4/26/2016,7,3.57
4/26/2016,8,3.61
4/27/2016,0,5.18
4/27/2016,1,7.33
4/27/2016,2,5.62
4/27/2016,3,0.23
4/27/2016,4,9.93
4/27/2016,5,6.82
4/27/2016,6,7.3
4/27/2016,7,9.5
4/27/2016,8,5.11
4/28/2016,0,1.22
4/28/2016,1,6.86
4/28/2016,2,1.92
4/28/2016,3,0.94
4/28/2016,4,0.04
4/28/2016,5,9.09
4/28/2016,6,9.93
4/28/2016,7,3.99
4/28/2016,8,8.55
4/29/2016,0,8.38
4/29/2016,1,6.09
4/29/2016,2,7.64
4/29/2016,3,0.55
4/29/2016,4,1.07
4/29/2016,5,8.9
4/29/2016,6,7.38
4/29/2016,7,3.13
4/29/2016,8,8.72
4/30/2016,0,8.52
4/30/2016,1,7.03
4/30/2016,2,1.52
4/30/2016,3,2.3
4/30/2016,4,1.59
4/30/2016,5,5.44
4/30/2016,6,5.75
4/30/2016,7,8.99
4/30/2016,8,7.51
5/1/2016,0,6.4
5/1/2016,1,6.52
5/1/2016,2,9.9
5/1/2016,3,8.82
5/1/2016,4,6.17
5/1/2016,5,4.52
5/1/2016,6,6.7
5/1/2016,7,4.57
5/1/2016,8,4.28
5/2/2016,0,6.13
5/2/2016,1,9.87
5/2/2016,2,8.88
5/2/2016,3,2.94
5/2/2016,4,8.41
5/2/2016,5,9.32
5/2/2016,6,6.37
5/2/2016,7,9.88
5/2/2016,8,8.18
5/3/2016,0,0.66
5/3/2016,1,2.57
5/3/2016,2,7.45
5/3/2016,3,3.01
5/3/2016,4,6.75
5/3/2016,5,9.95
5/3/2016,6,7.99
5/3/2016,7,6.93
5/3/2016,8,4.92
5/4/2016,0,9.76
5/4/2016,1,1.8
5/4/2016,2,0.01
5/4/2016,3,4.38
5/4/2016,4,5.77
5/4/2016,5,9.63
5/4/2016,6,8.79
5/4/2016,7,7.55
5/4/2016,8,8.23
5/5/2016,0,5.62
5/5/2016,1,4.25
5/5/2016,2,1.17
5/5/2016,3,5.77
5/5/2016,4,0.51
5/5/2016,5,4.84
5/5/2016,6,0.41
5/5/2016,7,8.24
5/5/2016,8,7.16
5/6/2016,0,4.89
5/6/2016,1,9.35
5/6/2016,2,5.84
5/6/2016,3,2.36
5/6/2016,4,2.83
5/6/2016,5,6.86
5/6/2016,6,8.51
5/6/2016,7,9.23
5/6/2016,8,9.47
5/7/2016,0,5.08
5/7/2016,1,4.89
5/7/2016,2,4.52
5/7/2016,3,3.78
5/7/2016,4,1.48
5/7/2016,5,2.01
5/7/2016,6,3.81
5/7/2016,7,2.58
5/7/2016,8,1.82
5/8/2016,0,5.11
5/8/2016,1,5.5
5/8/2016,2,1.05
5/8/2016,3,3.14
5/8/2016,4,2.39
5/8/2016,5,1.3
5/8/2016,6,2.79
5/8/2016,7,0.63
5/8/2016,8,0.36
5/9/2016,0,7.14
5/9/2016,1,1.87
5/9/2016,2,1.74
5/9/2016,3,4.3
5/9/2016,4,3.2
5/9/2016,5,4.47
5/9/2016,6,4.2
5/9/2016,7,2.38
5/9/2016,8,6.07
5/10/2016,0,4.16
5/10/2016,1,1.84
5/10/2016,2,3.52
5/10/2016,3,9.2
5/10/2016,4,3.46
5/10/2016,5,3.87
5/10/2016,6,6.89
5/10/2016,7,9.86
5/10/2016,8,3.83
5/11/2016,0,8.48
5/11/2016,1,5.08
5/11/2016,2,2.45
5/11/2016,3,7.85
5/11/2016,4,1.34
5/11/2016,5,4.05
5/11/2016,6,7.92
5/11/2016,7,0.13
5/11/2016,8,3.36
5/12/2016,0,0.37
5/12/2016,1,9.06
5/12/2016,2,8.03
5/12/2016,3,9.39
5/12/2016,4,0.41
5/12/2016,5,9.26
5/12/2016,6,9.46
5/12/2016,7,1.81
5/12/2016,8,6.4
5/13/2016,0,0.47
5/13/2016,1,2.36
5/13/2016,2,8.35
5/13/2016,3,2
5/13/2016,4,2.25
5/13/2016,5,0.11
5/13/2016,6,3.58
5/13/2016,7,3.12
5/13/2016,8,9.84
5/14/2016,0,7.33
5/14/2016,1,7.55
5/14/2016,2,0.49
5/14/2016,3,3.59
5/14/2016,4,3.3
5/14/2016,5,2.86
5/14/2016,6,7.09
5/14/2016,7,6.14
5/14/2016,8,3.84
5/15/2016,0,3.58
5/15/2016,1,7.02
5/15/2016,2,6.46
5/15/2016,3,8.07
5/15/2016,4,5.81
5/15/2016,5,2.33
5/15/2016,6,1.9
5/15/2016,7,3.35
5/15/2016,8,9.5
5/16/2016,0,0.91
5/16/2016,1,0.18
5/16/2016,2,0.38
5/16/2016,3,5.74
5/16/2016,4,1.66
5/16/2016,5,3.55
5/16/2016,6,0.5
5/16/2016,7,1.87
5/16/2016,8,2.62
5/17/2016,0,6.33
5/17/2016,1,8.95
5/17/2016,2,9.23
5/17/2016,3,4.36
5/17/2016,4,5.14
5/17/2016,5,1.04
5/17/2016,6,4.82
5/17/2016,7,3.16
5/17/2016,8,8.61
5/18/2016,0,3.13
5/18/2016,1,8.6
5/18/2016,2,8.47
5/18/2016,3,9.34
5/18/2016,4,6.54
5/18/2016,5,2.88
5/18/2016,6,4.49
5/18/2016,7,6.49
5/18/2016,8,0.51
5/19/2016,0,8.7
5/19/2016,1,8.56
5/19/2016,2,1.74
5/19/2016,3,9.93
5/19/2016,4,6.91
5/19/2016,5,7.95
5/19/2016,6,4.77
5/19/2016,7,4.39
5/19/2016,8,8.58
5/20/2016,0,2.2
5/20/2016,1,7.05
5/20/2016,2,8.09
5/20/2016,3,9.76
5/20/2016,4,0.36
5/20/2016,5,4.27
5/20/2016,6,3.85
5/20/2016,7,1.07
5/20/2016,8,1.19
5/21/2016,0,8.46
5/21/2016,1,0.72
5/21/2016,2,1.07
5/21/2016,3,9.76
5/21/2016,4,0.68
5/21/2016,5,1.62
5/21/2016,6,5.69
5/21/2016,7,5.5
5/21/2016,8,3.62
5/22/2016,0,6.62
5/22/2016,1,2.87
5/22/2016,2,5.45
5/22/2016,3,1.79
5/22/2016,4,7.46
5/22/2016,5,2.96
5/22/2016,6,1.14
5/22/2016,7,3.52
5/22/2016,8,1.66
5/23/2016,0,0.24
5/23/2016,1,9.37
5/23/2016,2,5.17
5/23/2016,3,7.17
5/23/2016,4,0.65
5/23/2016,5,4.95
5/23/2016,6,2.88
5/23/2016,7,4.6
5/23/2016,8,3.81
5/24/2016,0,8.36
5/24/2016,1,1.45
5/24/2016,2,0.01
5/24/2016,3,4.89
5/24/2016,4,2.35
5/24/2016,5,3.03
5/24/2016,6,9.88
5/24/2016,7,3.43
5/24/2016,8,9.41
5/25/2016,0,0.38
5/25/2016,1,9.7
5/25/2016,2,1.7
5/25/2016,3,6.26
5/25/2016,4,1.18
5/25/2016,5,8.71
5/25/2016,6,4.57
5/25/2016,7,2.5
5/25/2016,8,9.69
5/26/2016,0,6.67
5/26/2016,1,6.95
5/26/2016,2,8.04
5/26/2016,3,1.97
5/26/2016,4,2.56
5/26/2016,5,1.95
5/26/2016,6,7.94
5/26/2016,7,9.05
5/26/2016,8,1.77
5/27/2016,0,5.28
5/27/2016,1,3.77
5/27/2016,2,0.06
5/27/2016,3,5.29
5/27/2016,4,6.93
5/27/2016,5,8.05
5/27/2016,6,4.06
5/27/2016,7,4.17
5/27/2016,8,0.89
5/28/2016,0,1.69
5/28/2016,1,4.84
5/28/2016,2,3.03
5/28/2016,3,8.16
5/28/2016,4,4.97
5/28/2016,5,7.65
5/28/2016,6,8.55
5/28/2016,7,5.79
5/28/2016,8,9.14
5/29/2016,0,0.96
5/29/2016,1,3.22
5/29/2016,2,6.99
5/29/2016,3,9.38
5/29/2016,4,8.69
5/29/2016,5,9.42
5/29/2016,6,3.59
5/29/2016,7,9.74
5/29/2016,8,0.73
5/30/2016,0,6.67
5/30/2016,1,2.1
5/30/2016,2,7.07
5/30/2016,3,0.35
5/30/2016,4,2.62
5/30/2016,5,9.12
5/30/2016,6,4.31
5/30/2016,7,7.07
5/30/2016,8,9.22
5/31/2016,0,9.99
5/31/2016,1,3
5/31/2016,2,2.95
5/31/2016,3,6.77
5/31/2016,4,7.1
5/31/2016,5,1.08
5/31/2016,6,8.12
5/31/2016,7,1.81
5/31/2016,8,0.66
6/1/2016,0,4.91
6/1/2016,1,8.77
6/1/2016,2,9.92
6/1/2016,3,5.28
6/1/2016,4,3.79
6/1/2016,5,7.18
6/1/2016,6,0.51
6/1/2016,7,0.21
6/1/2016,8,1.02
6/2/2016,0,8.59
6/2/2016,1,8.91
6/2/2016,2,0.01
6/2/2016,3,8.3
6/2/2016,4,4.09
6/2/2016,5,0.4
6/2/2016,6,4.57
6/2/2016,7,8.91
6/2/2016,8,2.56
6/3/2016,0,1.89
6/3/2016,1,4.88
6/3/2016,2,1.13
6/3/2016,3,6.65
6/3/2016,4,9.79
6/3/2016,5,1.19
6/3/2016,6,5.15
6/3/2016,7,0.03
6/3/2016,8,6.45
6/4/2016,0,5.31
6/4/2016,1,5.7
6/4/2016,2,3.26
6/4/2016,3,3.65
6/4/2016,4,7.96
6/4/2016,5,7.77
6/4/2016,6,5.85
6/4/2016,7,8.7
6/4/2016,8,4.63
6/5/2016,0,4.66
6/5/2016,1,0.42
6/5/2016,2,7.74
6/5/2016,3,1
6/5/2016,4,6.11
6/5/2016,5,3.11
6/5/2016,6,1.03
6/5/2016,7,9.72
6/5/2016,8,9.03
6/6/2016,0,1.16
6/6/2016,1,7.47
6/6/2016,2,5.74
6/6/2016,3,5.11
6/6/2016,4,4.45
6/6/2016,5,8.56
6/6/2016,6,6.68
6/6/2016,7,7.53
6/6/2016,8,3.11
6/7/2016,0,7.74
6/7/2016,1,7.88
6/7/2016,2,3.67
6/7/2016,3,7.11
6/7/2016,4,7.19
6/7/2016,5,9.43
6/7/2016,6,1.99
6/7/2016,7,7.26
6/7/2016,8,2.89
6/8/2016,0,3.62
6/8/2016,1,9.07
6/8/2016,2,8.89
6/8/2016,3,8.26
6/8/2016,4,7.02
6/8/2016,5,6.95
6/8/2016,6,1.17
6/8/2016,7,8.11
6/8/2016,8,0.9
6/9/2016,0,2.11
6/9/2016,1,5.04
6/9/2016,2,7.73
6/9/2016,3,7.29
6/9/2016,4,4.55
6/9/2016,5,2.55
6/9/2016,6,6.28
6/9/2016,7,5.78
6/9/2016,8,9.93
6/10/2016,0,8.33
6/10/2016,1,9.78
6/10/2016,2,7.76
6/10/2016,3,7.74
6/10/2016,4,2.13
6/10/2016,5,6.66
6/10/2016,6,0.94
6/10/2016,7,6.22
6/10/2016,8,7.34
6/11/2016,0,7.86
6/11/2016,1,6.45
6/11/2016,2,7.93
6/11/2016,3,6.65
6/11/2016,4,4.47
6/11/2016,5,5.3
6/11/2016,6,0.73
6/11/2016,7,0.21
6/11/2016,8,8.06
6/12/2016,0,8.37
6/12/2016,1,5.11
6/12/2016,2,5.89
6/12/2016,3,2.63
6/12/2016,4,6.8
6/12/2016,5,2.82
6/12/2016,6,3.83
6/12/2016,7,2.82
6/12/2016,8,5.47
6/13/2016,0,1.44
6/13/2016,1,9.57
6/13/2016,2,9.8
6/13/2016,3,2.29
6/13/2016,4,5.93
6/13/2016,5,0.8
6/13/2016,6,4.87
6/13/2016,7,0.83
6/13/2016,8,1.67
6/14/2016,0,3.1
6/14/2016,1,1.03
6/14/2016,2,1.57
6/14/2016,3,2.76
6/14/2016,4,9.03
6/14/2016,5,4.3
6/14/2016,6,9.81
6/14/2016,7,5.97
6/14/2016,8,2.95
6/15/2016,0,0.01
6/15/2016,1,4.65
6/15/2016,2,3.02
6/15/2016,3,1.49
6/15/2016,4,3.88
6/15/2016,5,3.84
6/15/2016,6,3.79
6/15/2016,7,5.6
6/15/2016,8,4.37
6/16/2016,0,4.09
6/16/2016,1,8.45
6/16/2016,2,5.75
6/16/2016,3,0.34
6/16/2016,4,4.86
6/16/2016,5,9.33
6/16/2016,6,5.94
6/16/2016,7,7.99
6/16/2016,8,6.59
6/17/2016,0,2.17
6/17/2016,1,5.98
6/17/2016,2,1.77
6/17/2016,3,0.81
6/17/2016,4,2.11
6/17/2016,5,3.93
6/17/2016,6,6.72
6/17/2016,7,0.7
6/17/2016,8,1.87
6/18/2016,0,2.05
6/18/2016,1,3.94
6/18/2016,2,5.31
6/18/2016,3,8.32
6/18/2016,4,0.6
6/18/2016,5,6.49
6/18/2016,6,9.81
6/18/2016,7,8.93
6/18/2016,8,3.25
6/19/2016,0,0.55
6/19/2016,1,6.93
6/19/2016,2,1.39
6/19/2016,3,6.93
6/19/2016,4,5.24
6/19/2016,5,2.18
6/19/2016,6,8.13
6/19/2016,7,6.5
6/19/2016,8,5.33
6/20/2016,0,6.08
6/20/2016,1,2.52
6/20/2016,2,1.93
6/20/2016,3,2.65
6/20/2016,4,2.39
6/20/2016,5,4.85
6/20/2016,6,1.33
6/20/2016,7,5.98
6/20/2016,8,0.12
6/21/2016,0,4.54
6/21/2016,1,8.36
6/21/2016,2,4.01
6/21/2016,3,0.79
6/21/2016,4,9.51
6/21/2016,5,6.72
6/21/2016,6,2.8
6/21/2016,7,9.56
6/21/2016,8,4.88
6/22/2016,0,7.39
6/22/2016,1,7.4
6/22/2016,2,0.37
6/22/2016,3,1.17
6/22/2016,4,6.91
6/22/2016,5,7.12
6/22/2016,6,0.94
6/22/2016,7,6
6/22/2016,8,5.67
6/23/2016,0,5.29
6/23/2016,1,2.66
6/23/2016,2,4.98
6/23/2016,3,6.33
6/23/2016,4,7.23
6/23/2016,5,4.42
6/23/2016,6,4.08
6/23/2016,7,1.09
6/23/2016,8,4.84
6/24/2016,0,7.04
6/24/2016,1,0.49
6/24/2016,2,5.81
6/24/2016,3,2.04
6/24/2016,4,6.47
6/24/2016,5,9.3
6/24/2016,6,5.77
6/24/2016,7,3.13
6/24/2016,8,0.2
6/25/2016,0,0.33
6/25/2016,1,5.14
6/25/2016,2,5.17
6/25/2016,3,0.82
6/25/2016,4,3.57
6/25/2016,5,7.44
6/25/2016,6,6.36
6/25/2016,7,4.88
6/25/2016,8,1.51
6/26/2016,0,9.2
6/26/2016,1,4.6
6/26/2016,2,3.07
6/26/2016,3,3.91
6/26/2016,4,2.87
6/26/2016,5,4.41
6/26/2016,6,9.86
6/26/2016,7,3.67
6/26/2016,8,7.69
6/27/2016,0,5.65
6/27/2016,1,7.01
6/27/2016,2,2.47
6/27/2016,3,9.44
6/27/2016,4,4.77
6/27/2016,5,5.26
6/27/2016,6,1.63
6/27/2016,7,0.7
6/27/2016,8,7.46
6/28/2016,0,3.16
6/28/2016,1,6.36
6/28/2016,2,3.48
6/28/2016,3,2.22
6/28/2016,4,0.01
6/28/2016,5,1.52
6/28/2016,6,5.13
6/28/2016,7,5.59
6/28/2016,8,2.48
6/29/2016,0,3.17
6/29/2016,1,6.57
6/29/2016,2,3.25
6/29/2016,3,0.77
6/29/2016,4,2.77
6/29/2016,5,9.25
6/29/2016,6,6.12
6/29/2016,7,0.89
6/29/2016,8,0.57
6/30/2016,0,3.36
6/30/2016,1,6.65
6/30/2016,2,3.98
6/30/2016,3,0.43
6/30/2016,4,5.35
6/30/2016,5,8.76
6/30/2016,6,2.45
6/30/2016,7,0.67
6/30/2016,8,7.13
7/1/2016,0,4.2
7/1/2016,1,5.32
7/1/2016,2,4.97
7/1/2016,3,2.83
7/1/2016,4,9.19
7/1/2016,5,1.81
7/1/2016,6,2.53
7/1/2016,7,1.61
7/1/2016,8,7.93
7/2/2016,0,3.4
7/2/2016,1,9.02
7/2/2016,2,6.56
7/2/2016,3,3.51
7/2/2016,4,8.91
7/2/2016,5,8.72
7/2/2016,6,0.3
7/2/2016,7,2.92
7/2/2016,8,6.84
7/3/2016,0,3.21
7/3/2016,1,8.02
7/3/2016,2,9.7
7/3/2016,3,1.43
7/3/2016,4,4.11
7/3/2016,5,6.85
7/3/2016,6,6.98
7/3/2016,7,6.63
7/3/2016,8,5.63
7/4/2016,0,9.01
7/4/2016,1,4.04
7/4/2016,2,3
7/4/2016,3,7.74
7/4/2016,4,2.65
7/4/2016,5,1.3
7/4/2016,6,7.79
7/4/2016,7,2.06
7/4/2016,8,0.32
7/5/2016,0,2.59
7/5/2016,1,7.73
7/5/2016,2,1.23
7/5/2016,3,0.36
7/5/2016,4,8.36
7/5/2016,5,7.46
7/5/2016,6,6.39
7/5/2016,7,0.24
7/5/2016,8,0.33
7/6/2016,0,3.91
7/6/2016,1,9.38
7/6/2016,2,4.28
7/6/2016,3,6.24
7/6/2016,4,8.25
7/6/2016,5,3.47
7/6/2016,6,0.36
7/6/2016,7,3.37
7/6/2016,8,2.67
7/7/2016,0,1.28
7/7/2016,1,1.47
7/7/2016,2,0.55
7/7/2016,3,8.97
7/7/2016,4,8.85
7/7/2016,5,8.45
7/7/2016,6,1.69
7/7/2016,7,9.21
7/7/2016,8,2.98
7/8/2016,0,9.52
7/8/2016,1,8.08
7/8/2016,2,6.77
7/8/2016,3,2.48
7/8/2016,4,0.86
7/8/2016,5,2.83
7/8/2016,6,7.59
7/8/2016,7,4.71
7/8/2016,8,9.82
7/9/2016,0,8.64
7/9/2016,1,7.57
7/9/2016,2,6.08
7/9/2016,3,9.32
7/9/2016,4,8.99
7/9/2016,5,1.6
7/9/2016,6,8.73
7/9/2016,7,7.2
7/9/2016,8,3.82
7/10/2016,0,3.94
7/10/2016,1,5.99
7/10/2016,2,9.47
7/10/2016,3,2.95
7/10/2016,4,7.59
7/10/2016,5,6
7/10/2016,6,9.86
7/10/2016,7,4.43
7/10/2016,8,2.3
7/11/2016,0,6.35
7/11/2016,1,1.12
7/11/2016,2,0.42
7/11/2016,3,7.11
7/11/2016,4,2.54
7/11/2016,5,5.48
7/11/2016,6,0.27
7/11/2016,7,3.58
7/11/2016,8,9.5
7/12/2016,0,2.42
7/12/2016,1,8.91
7/12/2016,2,9.82
7/12/2016,3,8.78
7/12/2016,4,2.3
7/12/2016,5,8.88
7/12/2016,6,4.23
7/12/2016,7,3.23
7/12/2016,8,3.12
7/13/2016,0,6.04
7/13/2016,1,9.8
7/13/2016,2,7.73
7/13/2016,3,6.25
7/13/2016,4,2.1
7/13/2016,5,6.67
7/13/2016,6,6.91
7/13/2016,7,3.94
7/13/2016,8,2.24
7/14/2016,0,0.73
7/14/2016,1,0.29
7/14/2016,2,7.71
7/14/2016,3,1.94
7/14/2016,4,1.14
7/14/2016,5,1.22
7/14/2016,6,2.32
7/14/2016,7,5.78
7/14/2016,8,7.83
7/15/2016,0,8.49
7/15/2016,1,4.15
7/15/2016,2,9.71
7/15/2016,3,3
7/15/2016,4,8.27
7/15/2016,5,6.56
7/15/2016,6,0.09
7/15/2016,7,7.3
7/15/2016,8,0.04
7/16/2016,0,7.15
7/16/2016,1,4.78
7/16/2016,2,2.38
7/16/2016,3,1.96
7/16/2016,4,3.54
7/16/2016,5,6.23
7/16/2016,6,6.01
7/16/2016,7,0
7/16/2016,8,5.06
7/17/2016,0,2.03
7/17/2016,1,5.44
7/17/2016,2,0.54
7/17/2016,3,7.21
7/17/2016,4,5.67
7/17/2016,5,7.17
7/17/2016,6,7.78
7/17/2016,7,4.85
7/17/2016,8,9.37
7/18/2016,0,8.86
7/18/2016,1,5.85
7/18/2016,2,7.79
7/18/2016,3,0.99
7/18/2016,4,9.8
7/18/2016,5,0.46
7/18/2016,6,9.27
7/18/2016,7,9.22
7/18/2016,8,1.99
7/19/2016,0,6.45
7/19/2016,1,4.12
7/19/2016,2,4.81
7/19/2016,3,2.71
7/19/2016,4,5.65
7/19/2016,5,8.05
7/19/2016,6,0.54
7/19/2016,7,3.3
7/19/2016,8,4.21
7/20/2016,0,3.95
7/20/2016,1,9.61
7/20/2016,2,5.75
7/20/2016,3,9.72
7/20/2016,4,4.14
7/20/2016,5,0.19
7/20/2016,6,0.46
7/20/2016,7,6.24
7/20/2016,8,9.6
7/21/2016,0,3.59
7/21/2016,1,4.09
7/21/2016,2,9.7
7/21/2016,3,8.78
7/21/2016,4,5.26
7/21/2016,5,5.71
7/21/2016,6,7
7/21/2016,7,8.85
7/21/2016,8,0.29
7/22/2016,0,3.37
7/22/2016,1,9.77
7/22/2016,2,1.37
7/22/2016,3,0.05
7/22/2016,4,0.9
7/22/2016,5,7.47
7/22/2016,6,3.52
7/22/2016,7,2.21
7/22/2016,8,6.26
7/23/2016,0,5.53
7/23/2016,1,2.85
7/23/2016,2,4.46
7/23/2016,3,8.92
7/23/2016,4,0.98
7/23/2016,5,0.53
7/23/2016,6,1.07
7/23/2016,7,3.49
7/23/2016,8,1.97
7/24/2016,0,3.81
7/24/2016,1,2.44
7/24/2016,2,0.66
7/24/2016,3,7.87
7/24/2016,4,2.8
7/24/2016,5,9.91
7/24/2016,6,4.83
7/24/2016,7,3.35
7/24/2016,8,0.77
7/25/2016,0,2.15
7/25/2016,1,9.48
7/25/2016,2,3.39
7/25/2016,3,0.01
7/25/2016,4,4.76
7/25/2016,5,7.99
7/25/2016,6,6
7/25/2016,7,6.92
7/25/2016,8,1.71
7/26/2016,0,7.22
7/26/2016,1,6.11
7/26/2016,2,1.49
7/26/2016,3,6.04
7/26/2016,4,6.01
7/26/2016,5,7.12
7/26/2016,6,5.87
7/26/2016,7,6.93
7/26/2016,8,8.65
7/27/2016,0,6.18
7/27/2016,1,6.16
7/27/2016,2,2.43
7/27/2016,3,6.07
7/27/2016,4,5.61
7/27/2016,5,9.65
7/27/2016,6,0.05
7/27/2016,7,3.63
7/27/2016,8,5.69
7/28/2016,0,6.88
7/28/2016,1,2.32
7/28/2016,2,5.37
7/28/2016,3,3.11
7/28/2016,4,4.4
7/28/2016,5,0.9
7/28/2016,6,8.59
7/28/2016,7,5.69
7/28/2016,8,9.12
7/29/2016,0,0.62
7/29/2016,1,1.87
7/29/2016,2,6.13
7/29/2016,3,0.07
7/29/2016,4,4.41
7/29/2016,5,1.75
7/29/2016,6,6.74
7/29/2016,7,6.31
7/29/2016,8,1.13
7/30/2016,0,0.63
7/30/2016,1,2.6
7/30/2016,2,2.72
7/30/2016,3,0.94
7/30/2016,4,8.78
7/30/2016,5,2.88
7/30/2016,6,6.82
7/30/2016,7,7.06
7/30/2016,8,8.6
7/31/2016,0,8.65
7/31/2016,1,0.43
7/31/2016,2,8.38
7/31/2016,3,8.09
7/31/2016,4,0.84
7/31/2016,5,9.81
7/31/2016,6,5.02
7/31/2016,7,3.39
7/31/2016,8,3.9
8/1/2016,0,6.62
8/1/2016,1,7.4
8/1/2016,2,7.63
8/1/2016,3,9.08
8/1/2016,4,9.99
8/1/2016,5,0.12
8/1/2016,6,4.12
8/1/2016,7,6.13
8/1/2016,8,6.84
8/2/2016,0,3.92
8/2/2016,1,7.38
8/2/2016,2,3.94
8/2/2016,3,3.6
8/2/2016,4,2.33
8/2/2016,5,4.73
8/2/2016,6,8.63
8/2/2016,7,7.61
8/2/2016,8,5.11
8/3/2016,0,4.27
8/3/2016,1,2.17
8/3/2016,2,0.42
8/3/2016,3,6.89
8/3/2016,4,2.88
8/3/2016,5,6.07
8/3/2016,6,8.55
8/3/2016,7,7.97
8/3/2016,8,8.87
8/4/2016,0,2.18
8/4/2016,1,9.4
8/4/2016,2,3.9
8/4/2016,3,9.83
8/4/2016,4,7.19
8/4/2016,5,1.36
8/4/2016,6,1.86
8/4/2016,7,5.53
8/4/2016,8,8.36
8/5/2016,0,7.52
8/5/2016,1,4.81
8/5/2016,2,9.42
8/5/2016,3,5.11
8/5/2016,4,1.76
8/5/2016,5,8.97
8/5/2016,6,0.26
8/5/2016,7,5.74
8/5/2016,8,4.53
8/6/2016,0,5.99
8/6/2016,1,6.55
8/6/2016,2,8.6
8/6/2016,3,3.17
8/6/2016,4,9.19
8/6/2016,5,3.13
8/6/2016,6,4.4
8/6/2016,7,8.24
8/6/2016,8,2.06
8/7/2016,0,8.26
8/7/2016,1,0.23
8/7/2016,2,3.01
8/7/2016,3,8.23
8/7/2016,4,4.38
8/7/2016,5,5.77
8/7/2016,6,7.87
8/7/2016,7,4.25
8/7/2016,8,2.88
8/8/2016,0,9.47
8/8/2016,1,5.53
8/8/2016,2,0.59
8/8/2016,3,6.08
8/8/2016,4,5.4
8/8/2016,5,5.3
8/8/2016,6,1.42
8/8/2016,7,5.2
8/8/2016,8,1.87
8/9/2016,0,7.12
8/9/2016,1,1.17
8/9/2016,2,3.54
8/9/2016,3,9.23
8/9/2016,4,6.61
8/9/2016,5,3.9
8/9/2016,6,8.36
8/9/2016,7,7.35
8/9/2016,8,2.75
8/10/2016,0,2.09
8/10/2016,1,3.24
8/10/2016,2,3.01
8/10/2016,3,8.74
8/10/2016,4,2.95
8/10/2016,5,5.13
8/10/2016,6,3.68
8/10/2016,7,4.78
8/10/2016,8,3.54
8/11/2016,0,6.58
8/11/2016,1,6.8
8/11/2016,2,8.82
8/11/2016,3,0.97
8/11/2016,4,4.51
8/11/2016,5,3.24
8/11/2016,6,7.64
8/11/2016,7,0.24
8/11/2016,8,1.1
8/12/2016,0,9.27
8/12/2016,1,5.78
8/12/2016,2,0.15
8/12/2016,3,1.25
8/12/2016,4,4.08
8/12/2016,5,4.6
8/12/2016,6,7.37
8/12/2016,7,3.61
8/12/2016,8,8.78
8/13/2016,0,6.89
8/13/2016,1,9.75
8/13/2016,2,9.13
8/13/2016,3,8.42
8/13/2016,4,5.26
8/13/2016,5,2.42
8/13/2016,6,1.74
8/13/2016,7,0.83
8/13/2016,8,3.99
8/14/2016,0,4.8
8/14/2016,1,0.75
8/14/2016,2,4.58
8/14/2016,3,4.82
8/14/2016,4,1.94
8/14/2016,5,3.45
8/14/2016,6,3.98
8/14/2016,7,6.73
8/14/2016,8,1.28
8/15/2016,0,9.56
8/15/2016,1,0.51
8/15/2016,2,8.81
8/15/2016,3,4.61
8/15/2016,4,6
8/15/2016,5,8.76
8/15/2016,6,2.85
8/15/2016,7,5.51
8/15/2016,8,1.92
8/16/2016,0,9.84
8/16/2016,1,9.51
8/16/2016,2,4.56
8/16/2016,3,8.79
8/16/2016,4,6.67
8/16/2016,5,7.79
8/16/2016,6,8.07
8/16/2016,7,9.9
8/16/2016,8,3.77
8/17/2016,0,2.47
8/17/2016,1,1.46
8/17/2016,2,6.82
8/17/2016,3,8.85
8/17/2016,4,8.52
8/17/2016,5,4.75
8/17/2016,6,7.7
8/17/2016,7,4.51
8/17/2016,8,4.46
8/18/2016,0,6.23
8/18/2016,1,3.97
8/18/2016,2,6.47
8/18/2016,3,8.98
8/18/2016,4,9.89
8/18/2016,5,7.2
8/18/2016,6,8.74
8/18/2016,7,6.41
8/18/2016,8,3.85
8/19/2016,0,7.84
8/19/2016,1,7.41
8/19/2016,2,7.02
8/19/2016,3,9.68
8/19/2016,4,0.74
8/19/2016,5,1.81
8/19/2016,6,7.47
8/19/2016,7,7.26
8/19/2016,8,0.56
8/20/2016,0,6.31
8/20/2016,1,5.28
8/20/2016,2,5.71
8/20/2016,3,1.53
8/20/2016,4,6.03
8/20/2016,5,8.82
8/20/2016,6,8.71
8/20/2016,7,2.1
8/20/2016,8,7.56
8/21/2016,0,0.7
8/21/2016,1,1.46
8/21/2016,2,4.79
8/21/2016,3,8.87
8/21/2016,4,8.37
8/21/2016,5,7.64
8/21/2016,6,5.55
8/21/2016,7,3.33
8/21/2016,8,0.32
8/22/2016,0,6.77
8/22/2016,1,5.04
8/22/2016,2,9.42
8/22/2016,3,0.03
8/22/2016,4,6.31
8/22/2016,5,6
8/22/2016,6,1.09
8/22/2016,7,3
8/22/2016,8,8.3
8/23/2016,0,7.63
8/23/2016,1,3.83
8/23/2016,2,3.55
8/23/2016,3,7.43
8/23/2016,4,7.3
8/23/2016,5,7.88
8/23/2016,6,9.65
8/23/2016,7,5.79
8/23/2016,8,4.97
8/24/2016,0,3.23
8/24/2016,1,3.73
8/24/2016,2,9.91
8/24/2016,3,3.47
8/24/2016,4,0.73
8/24/2016,5,6.62
8/24/2016,6,7.13
8/24/2016,7,0.43
8/24/2016,8,9.71
8/25/2016,0,0
8/25/2016,1,1.94
8/25/2016,2,4.08
8/25/2016,3,5.42
8/25/2016,4,9.91
8/25/2016,5,7.3
8/25/2016,6,5.58
8/25/2016,7,8.93
8/25/2016,8,0.14
8/26/2016,0,2.75
8/26/2016,1,5.23
8/26/2016,2,8.03
8/26/2016,3,9.86
8/26/2016,4,8.83
8/26/2016,5,8.51
8/26/2016,6,0.01
8/26/2016,7,4.04
8/26/2016,8,6.85
8/27/2016,0,0.48
8/27/2016,1,6.52
8/27/2016,2,8.79
8/27/2016,3,4.12
8/27/2016,4,4.05
8/27/2016,5,6.03
8/27/2016,6,6.43
8/27/2016,7,7.52
8/27/2016,8,8.42
8/28/2016,0,1.69
8/28/2016,1,6.47
8/28/2016,2,2.17
8/28/2016,3,8.6
8/28/2016,4,1.1
8/28/2016,5,9.5
8/28/2016,6,8.14
8/28/2016,7,6.31
8/28/2016,8,9.82
8/29/2016,0,0.81
8/29/2016,1,4.98
8/29/2016,2,5.31
8/29/2016,3,2.15
8/29/2016,4,9.07
8/29/2016,5,3.11
8/29/2016,6,1.25
8/29/2016,7,1.38
8/29/2016,8,3.63
8/30/2016,0,1.36
8/30/2016,1,7.49
8/30/2016,2,6.35
8/30/2016,3,0.57
8/30/2016,4,2.01
8/30/2016,5,3.4
8/30/2016,6,3
8/30/2016,7,3.92
8/30/2016,8,8.22
8/31/2016,0,0.8
8/31/2016,1,7.48
8/31/2016,2,3.29
8/31/2016,3,3.79
8/31/2016,4,7.93
8/31/2016,5,2.15
8/31/2016,6,3.41
8/31/2016,7,2.2
8/31/2016,8,7.2
9/1/2016,0,7.02
9/1/2016,1,4.16
9/1/2016,2,9.57
9/1/2016,3,4.89
9/1/2016,4,6.78
9/1/2016,5,1.95
9/1/2016,6,6.67
9/1/2016,7,6.22
9/1/2016,8,8.36
9/2/2016,0,4.63
9/2/2016,1,5.8
9/2/2016,2,8.83
9/2/2016,3,4.25
9/2/2016,4,2.44
9/2/2016,5,1.93
9/2/2016,6,1.51
9/2/2016,7,4.88
9/2/2016,8,6.84
9/3/2016,0,1.51
9/3/2016,1,2.41
9/3/2016,2,6.9
9/3/2016,3,7.83
9/3/2016,4,8.69
9/3/2016,5,3.18
9/3/2016,6,5.23
9/3/2016,7,7.57
9/3/2016,8,6.25
9/4/2016,0,0.76
9/4/2016,1,3.52
9/4/2016,2,4.96
9/4/2016,3,7.66
9/4/2016,4,8.99
9/4/2016,5,1.67
9/4/2016,6,1.37
9/4/2016,7,7.57
9/4/2016,8,5.81
9/5/2016,0,9.12
9/5/2016,1,2.68
9/5/2016,2,0.26
9/5/2016,3,9.82
9/5/2016,4,9.76
9/5/2016,5,6.17
9/5/2016,6,9.48
9/5/2016,7,2.45
9/5/2016,8,7.27
9/6/2016,0,4.16
9/6/2016,1,8.41
9/6/2016,2,7.49
9/6/2016,3,0.21
9/6/2016,4,7.79
9/6/2016,5,5.94
9/6/2016,6,0.63
9/6/2016,7,2.26
9/6/2016,8,5.67
9/7/2016,0,3.27
9/7/2016,1,5.38
9/7/2016,2,6.28
9/7/2016,3,1.82
9/7/2016,4,5.73
9/7/2016,5,0.31
9/7/2016,6,0.65
9/7/2016,7,6.85
9/7/2016,8,5.9
9/8/2016,0,4.99
9/8/2016,1,2.37
9/8/2016,2,4.06
9/8/2016,3,7.58
9/8/2016,4,8.35
9/8/2016,5,4.17
9/8/2016,6,9.75
9/8/2016,7,4.9
9/8/2016,8,3.7
9/9/2016,0,2.45
9/9/2016,1,3.1
9/9/2016,2,7.27
9/9/2016,3,9.3
9/9/2016,4,8.6
9/9/2016,5,6.49
9/9/2016,6,8.79
9/9/2016,7,2.01
9/9/2016,8,8.71
9/10/2016,0,1.31
9/10/2016,1,0.3
9/10/2016,2,4.16
9/10/2016,3,5.79
9/10/2016,4,8.16
9/10/2016,5,3.19
9/10/2016,6,0.64
9/10/2016,7,4.21
9/10/2016,8,2.63
9/11/2016,0,6.85
9/11/2016,1,4.01
9/11/2016,2,8.19
9/11/2016,3,9.44
9/11/2016,4,5.74
9/11/2016,5,0.38
9/11/2016,6,4.93
9/11/2016,7,8.61
9/11/2016,8,7.85
9/12/2016,0,7.61
9/12/2016,1,8.17
9/12/2016,2,6.79
9/12/2016,3,3.68
9/12/2016,4,0.52
9/12/2016,5,9.93
9/12/2016,6,6.02
9/12/2016,7,3.58
9/12/2016,8,4.96
9/13/2016,0,6.56
9/13/2016,1,9.65
9/13/2016,2,1.99
9/13/2016,3,3.48
9/13/2016,4,0.07
9/13/2016,5,2.39
9/13/2016,6,8.84
9/13/2016,7,0.82
9/13/2016,8,7.52
9/14/2016,0,7.36
9/14/2016,1,2.2
9/14/2016,2,6.46
9/14/2016,3,8.92
9/14/2016,4,7.95
9/14/2016,5,1.11
9/14/2016,6,5.1
9/14/2016,7,9.34
9/14/2016,8,6.55
9/15/2016,0,4.57
9/15/2016,1,2.94
9/15/2016,2,1.47
9/15/2016,3,5.31
9/15/2016,4,0.53
9/15/2016,5,9.44
9/15/2016,6,3.23
9/15/2016,7,6.37
9/15/2016,8,8.84
9/16/2016,0,9.62
9/16/2016,1,9.07
9/16/2016,2,0.23
9/16/2016,3,3.34
9/16/2016,4,1.46
9/16/2016,5,4.58
9/16/2016,6,1.42
9/16/2016,7,1.24
9/16/2016,8,6.75
9/17/2016,0,1.44
9/17/2016,1,9.85
9/17/2016,2,2.53
9/17/2016,3,1.33
9/17/2016,4,3.96
9/17/2016,5,4.94
9/17/2016,6,7.99
9/17/2016,7,2.46
9/17/2016,8,8.88
9/18/2016,0,6.96
9/18/2016,1,2.33
9/18/2016,2,7.03
9/18/2016,3,7.18
9/18/2016,4,6.87
9/18/2016,5,7.92
9/18/2016,6,3.9
9/18/2016,7,0.79
9/18/2016,8,1.31
9/19/2016,0,5.34
9/19/2016,1,7.89
9/19/2016,2,6.71
9/19/2016,3,4.43
9/19/2016,4,9.52
9/19/2016,5,0.95
9/19/2016,6,8.6
9/19/2016,7,1.81
9/19/2016,8,3.78
9/20/2016,0,7.86
9/20/2016,1,8.83
9/20/2016,2,4.85
9/20/2016,3,9.9
9/20/2016,4,0.32
9/20/2016,5,4.01
9/20/2016,6,5.53
9/20/2016,7,8.87
9/20/2016,8,3.09
9/21/2016,0,3.83
9/21/2016,1,2.89
9/21/2016,2,6.15
9/21/2016,3,0.62
9/21/2016,4,5.82
9/21/2016,5,2.31
9/21/2016,6,4.72
9/21/2016,7,0.28
9/21/2016,8,8.47
9/22/2016,0,7.82
9/22/2016,1,1.54
9/22/2016,2,1.41
9/22/2016,3,1.27
9/22/2016,4,6.04
9/22/2016,5,5.7
9/22/2016,6,5.24
9/22/2016,7,3.18
9/22/2016,8,7.34
9/23/2016,0,1.89
9/23/2016,1,1.69
9/23/2016,2,0.1
9/23/2016,3,6.21
9/23/2016,4,8.71
9/23/2016,5,3.38
9/23/2016,6,8.23
9/23/2016,7,8.34
9/23/2016,8,9.74
9/24/2016,0,5.94
9/24/2016,1,2.17
9/24/2016,2,5.93
9/24/2016,3,4.35
9/24/2016,4,6.37
9/24/2016,5,6.16
9/24/2016,6,6.82
9/24/2016,7,6.63
9/24/2016,8,8.06
9/25/2016,0,2.04
9/25/2016,1,4.98
9/25/2016,2,3.36
9/25/2016,3,1.69
9/25/2016,4,9.92
9/25/2016,5,1.93
9/25/2016,6,5.96
9/25/2016,7,6.41
9/25/2016,8,6.21
9/26/2016,0,9.15
9/26/2016,1,7.36
9/26/2016,2,4.42
9/26/2016,3,8.84
9/26/2016,4,1.37
9/26/2016,5,1.9
9/26/2016,6,5.26
9/26/2016,7,1.48
9/26/2016,8,9.29
9/27/2016,0,5.26
9/27/2016,1,2.98
9/27/2016,2,6.99
9/27/2016,3,8.27
9/27/2016,4,1.86
9/27/2016,5,0.84
9/27/2016,6,5.08
9/27/2016,7,6.46
9/27/2016,8,9.3
9/28/2016,0,3.02
9/28/2016,1,1.02
9/28/2016,2,1.68
9/28/2016,3,2.71
9/28/2016,4,2.36
9/28/2016,5,0.06
9/28/2016,6,1.6
9/28/2016,7,7.25
9/28/2016,8,6.34
9/29/2016,0,7.01
9/29/2016,1,5.72
9/29/2016,2,3.62
9/29/2016,3,1.05
9/29/2016,4,1.66
9/29/2016,5,0.95
9/29/2016,6,9.58
9/29/2016,7,4.01
9/29/2016,8,8.41
9/30/2016,0,4.71
9/30/2016,1,0.51
9/30/2016,2,2.81
9/30/2016,3,2.97
9/30/2016,4,0.86
9/30/2016,5,3.15
9/30/2016,6,5.44
9/30/2016,7,9.68
9/30/2016,8,4.15
10/1/2016,0,9.91
10/1/2016,1,2.33
10/1/2016,2,0.79
10/1/2016,3,8.09
10/1/2016,4,5.29
10/1/2016,5,7.7
10/1/2016,6,2.68
10/1/2016,7,0.01
10/1/2016,8,2.4
10/2/2016,0,9.28
10/2/2016,1,4.95
10/2/2016,2,4.22
10/2/2016,3,4.8
10/2/2016,4,1.89
10/2/2016,5,5.3
10/2/2016,6,1.09
10/2/2016,7,8.4
10/2/2016,8,9.6
10/3/2016,0,6.82
10/3/2016,1,5.38
10/3/2016,2,8.75
10/3/2016,3,5.7
10/3/2016,4,4.61
10/3/2016,5,1.95
10/3/2016,6,1.33
10/3/2016,7,7.33
10/3/2016,8,5.61
10/4/2016,0,0.82
10/4/2016,1,6.51
10/4/2016,2,3.97
10/4/2016,3,8.79
10/4/2016,4,6.23
10/4/2016,5,6.02
10/4/2016,6,4.99
10/4/2016,7,2.88
10/4/2016,8,6.56
10/5/2016,0,5.05
10/5/2016,1,1.6
10/5/2016,2,5.25
10/5/2016,3,2.72
10/5/2016,4,2.48
10/5/2016,5,3.13
10/5/2016,6,8.97
10/5/2016,7,2.68
10/5/2016,8,1.88
10/6/2016,0,5.4
10/6/2016,1,4.2
10/6/2016,2,9.17
10/6/2016,3,7.73
10/6/2016,4,1.86
10/6/2016,5,6.91
10/6/2016,6,5.4
10/6/2016,7,4.5
10/6/2016,8,4.24
10/7/2016,0,0.02
10/7/2016,1,1.12
10/7/2016,2,0.86
10/7/2016,3,0.1
10/7/2016,4,2.23
10/7/2016,5,7.64
10/7/2016,6,8.06
10/7/2016,7,9.34
10/7/2016,8,4.74
10/8/2016,0,5.61
10/8/2016,1,9.07
10/8/2016,2,0.31
10/8/2016,3,9.51
10/8/2016,4,4.05
10/8/2016,5,4.84
10/8/2016,6,8.69
10/8/2016,7,0.91
10/8/2016,8,2.3
10/9/2016,0,4.88
10/9/2016,1,9.46
10/9/2016,2,8.88
10/9/2016,3,9.37
10/9/2016,4,2.3
10/9/2016,5,2.68
10/9/2016,6,3.3
10/9/2016,7,6.72
10/9/2016,8,7.17
10/10/2016,0,9.06
10/10/2016,1,8.47
10/10/2016,2,0.97
10/10/2016,3,8.42
10/10/2016,4,9.96
10/10/2016,5,1.57
10/10/2016,6,3.14
10/10/2016,7,1.21
10/10/2016,8,9.79
10/11/2016,0,0.95
10/11/2016,1,9.47
10/11/2016,2,5.95
10/11/2016,3,5.4
10/11/2016,4,8.47
10/11/2016,5,6.92
10/11/2016,6,5.55
10/11/2016,7,8.85
10/11/2016,8,5.1
10/12/2016,0,3.4
10/12/2016,1,9.31
10/12/2016,2,4.39
10/12/2016,3,0.55
10/12/2016,4,8.62
10/12/2016,5,5.67
10/12/2016,6,0.43
10/12/2016,7,5.65
10/12/2016,8,6.6
10/13/2016,0,0.84
10/13/2016,1,0.19
10/13/2016,2,1.12
10/13/2016,3,4.97
10/13/2016,4,7.45
10/13/2016,5,2.26
10/13/2016,6,7.3
10/13/2016,7,9.46
10/13/2016,8,5.14
10/14/2016,0,3.7
10/14/2016,1,7.4
10/14/2016,2,3.87
10/14/2016,3,5.29
10/14/2016,4,3.95
10/14/2016,5,1.15
10/14/2016,6,7.71
10/14/2016,7,3.01
10/14/2016,8,7.25
10/15/2016,0,6.44
10/15/2016,1,3.38
10/15/2016,2,2.86
10/15/2016,3,4.92
10/15/2016,4,4.4
10/15/2016,5,4.76
10/15/2016,6,8.97
10/15/2016,7,6.81
10/15/2016,8,6.93
10/16/2016,0,7.15
10/16/2016,1,6.51
10/16/2016,2,2.51
10/16/2016,3,6.69
10/16/2016,4,6.35
10/16/2016,5,8.81
10/16/2016,6,9.3
10/16/2016,7,6.48
10/16/2016,8,1.07
10/17/2016,0,4.11
10/17/2016,1,3.29
10/17/2016,2,8.76
10/17/2016,3,8.61
10/17/2016,4,5.98
10/17/2016,5,4.28
10/17/2016,6,6.33
10/17/2016,7,8.58
10/17/2016,8,4.49
10/18/2016,0,3.09
10/18/2016,1,1.94
10/18/2016,2,3.04
10/18/2016,3,8.48
10/18/2016,4,1.77
10/18/2016,5,8.23
10/18/2016,6,4.48
10/18/2016,7,5.17
10/18/2016,8,3.72
10/19/2016,0,9.11
10/19/2016,1,4.8
10/19/2016,2,0.03
10/19/2016,3,0.49
10/19/2016,4,0.4
10/19/2016,5,9.72
10/19/2016,6,8.59
10/19/2016,7,6.83
10/19/2016,8,0.59
10/20/2016,0,2.67
10/20/2016,1,1.99
10/20/2016,2,3.2
10/20/2016,3,2.23
10/20/2016,4,1.88
10/20/2016,5,9.54
10/20/2016,6,8.12
10/20/2016,7,0.67
10/20/2016,8,1.96
10/21/2016,0,5.12
10/21/2016,1,8.5
10/21/2016,2,9.76
10/21/2016,3,8.96
10/21/2016,4,8.94
10/21/2016,5,7.15
10/21/2016,6,3.21
10/21/2016,7,4.03
10/21/2016,8,2.34
10/22/2016,0,0.79
10/22/2016,1,6.58
10/22/2016,2,6.08
10/22/2016,3,1.75
10/22/2016,4,0.97
10/22/2016,5,7.01
10/22/2016,6,8.43
10/22/2016,7,6.77
10/22/2016,8,2.61
10/23/2016,0,7.04
10/23/2016,1,7.76
10/23/2016,2,9.13
10/23/2016,3,1.93
10/23/2016,4,4.38
10/23/2016,5,6.4
10/23/2016,6,1.22
10/23/2016,7,6.22
10/23/2016,8,1.6
10/24/2016,0,0.41
10/24/2016,1,7.57
10/24/2016,2,2.8
10/24/2016,3,8.66
10/24/2016,4,6.8
10/24/2016,5,8.22
10/24/2016,6,3.6
10/24/2016,7,6.12
10/24/2016,8,2.64
10/25/2016,0,0.15
10/25/2016,1,4.59
10/25/2016,2,9.05
10/25/2016,3,8.16
10/25/2016,4,2.03
10/25/2016,5,6.61
10/25/2016,6,9.89
10/25/2016,7,3.05
10/25/2016,8,7.76
10/26/2016,0,5.14
10/26/2016,1,3.52
10/26/2016,2,2.92
10/26/2016,3,6.51
10/26/2016,4,1.69
10/26/2016,5,9.33
10/26/2016,6,8.09
10/26/2016,7,0.28
10/26/2016,8,9.07
10/27/2016,0,3.2
10/27/2016,1,2.54
10/27/2016,2,5.35
10/27/2016,3,5.69
10/27/2016,4,6.96
10/27/2016,5,4.67
10/27/2016,6,0.55
10/27/2016,7,1.86
10/27/2016,8,3.99
10/28/2016,0,4.58
10/28/2016,1,3.56
10/28/2016,2,2.2
10/28/2016,3,7.74
10/28/2016,4,5.17
10/28/2016,5,6.28
10/28/2016,6,3.88
10/28/2016,7,3.75
10/28/2016,8,5.4
10/29/2016,0,1.72
10/29/2016,1,0.15
10/29/2016,2,7.33
10/29/2016,3,4.39
10/29/2016,4,7.64
10/29/2016,5,2.04
10/29/2016,6,5.88
10/29/2016,7,4.65
10/29/2016,8,6.94
10/30/2016,0,8.85
10/30/2016,1,9.34
10/30/2016,2,1.11
10/30/2016,3,0.61
10/30/2016,4,9.95
10/30/2016,5,2.64
10/30/2016,6,0.08
10/30/2016,7,6.84
10/30/2016,8,6.25
10/31/2016,0,1.15
10/31/2016,1,9.05
10/31/2016,2,8.94
10/31/2016,3,9.2
10/31/2016,4,4.01
10/31/2016,5,3.9
10/31/2016,6,5.7
10/31/2016,7,9.81
10/31/2016,8,0.34
11/1/2016,0,4.54
11/1/2016,1,9.81
11/1/2016,2,7.57
11/1/2016,3,0.32
11/1/2016,4,4.31
11/1/2016,5,4.12
11/1/2016,6,1.52
11/1/2016,7,6.35
11/1/2016,8,0.85
11/2/2016,0,0.88
11/2/2016,1,2.02
11/2/2016,2,9.7
11/2/2016,3,8.28
11/2/2016,4,6.01
11/2/2016,5,1.47
11/2/2016,6,4.4
11/2/2016,7,1.64
11/2/2016,8,9.04
11/3/2016,0,7.09
11/3/2016,1,3.37
11/3/2016,2,4.25
11/3/2016,3,9.68
11/3/2016,4,6.75
11/3/2016,5,1.26
11/3/2016,6,8.21
11/3/2016,7,3.37
11/3/2016,8,1.51
11/4/2016,0,4.9
11/4/2016,1,5.89
11/4/2016,2,1.63
11/4/2016,3,4.8
11/4/2016,4,4.92
11/4/2016,5,8.14
11/4/2016,6,7.72
11/4/2016,7,8.8
11/4/2016,8,1.45
11/5/2016,0,0.53
11/5/2016,1,4.68
11/5/2016,2,3.12
11/5/2016,3,2.76
11/5/2016,4,5.06
11/5/2016,5,0.4
11/5/2016,6,9.6
11/5/2016,7,8.12
11/5/2016,8,8.42
11/6/2016,0,4.37
11/6/2016,1,9.5
11/6/2016,2,5.28
11/6/2016,3,2.06
11/6/2016,4,1.32
11/6/2016,5,6.52
11/6/2016,6,8.46
11/6/2016,7,1.4
11/6/2016,8,0.01
11/7/2016,0,9.56
11/7/2016,1,4.93
11/7/2016,2,3.42
11/7/2016,3,9.25
11/7/2016,4,4.19
11/7/2016,5,7.13
11/7/2016,6,2.21
11/7/2016,7,9.36
11/7/2016,8,0.83
11/8/2016,0,2.17
11/8/2016,1,2.32
11/8/2016,2,4.27
11/8/2016,3,0.34
11/8/2016,4,2.99
11/8/2016,5,7.93
11/8/2016,6,8.43
11/8/2016,7,5.25
11/8/2016,8,3.24
11/9/2016,0,4.19
11/9/2016,1,3.35
11/9/2016,2,5.65
11/9/2016,3,3.39
11/9/2016,4,3.85
11/9/2016,5,0.22
11/9/2016,6,4.1
11/9/2016,7,6.84
11/9/2016,8,8.16
11/10/2016,0,8.99
11/10/2016,1,3.13
11/10/2016,2,3.04
11/10/2016,3,6.28
11/10/2016,4,9.04
11/10/2016,5,2.4
11/10/2016,6,9.17
11/10/2016,7,1.48
11/10/2016,8,3.79
11/11/2016,0,9.75
11/11/2016,1,3.27
11/11/2016,2,5.43
11/11/2016,3,9.13
11/11/2016,4,1.87
11/11/2016,5,9.43
11/11/2016,6,4.37
11/11/2016,7,6.11
11/11/2016,8,6.12
11/12/2016,0,9.95
11/12/2016,1,2.09
11/12/2016,2,9.19
11/12/2016,3,4.17
11/12/2016,4,0.42
11/12/2016,5,5.03
11/12/2016,6,4.44
11/12/2016,7,2.03
11/12/2016,8,0.99
11/13/2016,0,4.2
11/13/2016,1,6.73
11/13/2016,2,8.88
11/13/2016,3,1.24
11/13/2016,4,7.35
11/13/2016,5,0.78
11/13/2016,6,8.4
11/13/2016,7,6.62
11/13/2016,8,1.86
11/14/2016,0,8.66
11/14/2016,1,2.75
11/14/2016,2,1.61
11/14/2016,3,6.09
11/14/2016,4,5.67
11/14/2016,5,8.69
11/14/2016,6,8.36
11/14/2016,7,2.01
11/14/2016,8,7
11/15/2016,0,9.63
11/15/2016,1,0.08
11/15/2016,2,6.99
11/15/2016,3,0.08
11/15/2016,4,5.28
11/15/2016,5,4.99
11/15/2016,6,6.44
11/15/2016,7,1.37
11/15/2016,8,2.74
11/16/2016,0,0.43
11/16/2016,1,1.62
11/16/2016,2,1.8
11/16/2016,3,8.78
11/16/2016,4,6.25
11/16/2016,5,9.12
11/16/2016,6,1.91
11/16/2016,7,3.66
11/16/2016,8,3.57
11/17/2016,0,9.4
11/17/2016,1,6.64
11/17/2016,2,0.74
11/17/2016,3,7.76
11/17/2016,4,1.63
11/17/2016,5,9.37
11/17/2016,6,4.62
11/17/2016,7,4.36
11/17/2016,8,1.7
11/18/2016,0,7.05
11/18/2016,1,2.97
11/18/2016,2,2.8
11/18/2016,3,7.74
11/18/2016,4,1.04
11/18/2016,5,3.56
11/18/2016,6,5.48
11/18/2016,7,5.36
11/18/2016,8,3.34
11/19/2016,0,8.68
11/19/2016,1,9.39
11/19/2016,2,0.78
11/19/2016,3,4.23
11/19/2016,4,3.49
11/19/2016,5,2.91
11/19/2016,6,5.42
11/19/2016,7,5.27
11/19/2016,8,3.72
11/20/2016,0,3.44
11/20/2016,1,0
11/20/2016,2,1.02
11/20/2016,3,0.64
11/20/2016,4,0.07
11/20/2016,5,9.72
11/20/2016,6,4.15
11/20/2016,7,8.23
11/20/2016,8,1.33
11/21/2016,0,4.47
11/21/2016,1,0.86
11/21/2016,2,7.95
11/21/2016,3,0.27
11/21/2016,4,9.92
11/21/2016,5,8.16
11/21/2016,6,1.85
11/21/2016,7,7.65
11/21/2016,8,5.65
11/22/2016,0,9.92
11/22/2016,1,3.31
11/22/2016,2,9.41
11/22/2016,3,6.55
11/22/2016,4,6.11
11/22/2016,5,7.93
11/22/2016,6,6.54
11/22/2016,7,2.34
11/22/2016,8,8.64
11/23/2016,0,4.22
11/23/2016,1,3.6
11/23/2016,2,7.9
11/23/2016,3,7.26
11/23/2016,4,4.67
11/23/2016,5,7.41
11/23/2016,6,4.14
11/23/2016,7,1.44
11/23/2016,8,3.15
11/24/2016,0,8.77
11/24/2016,1,5.1
11/24/2016,2,7.47
11/24/2016,3,3.9
11/24/2016,4,8.25
11/24/2016,5,1.89
11/24/2016,6,5
11/24/2016,7,0.42
11/24/2016,8,1.73
11/25/2016,0,8.35
11/25/2016,1,4.42
11/25/2016,2,0.37
11/25/2016,3,2.55
11/25/2016,4,6.47
11/25/2016,5,4.09
11/25/2016,6,3.7
11/25/2016,7,4.95
11/25/2016,8,1.62
11/26/2016,0,6.89
11/26/2016,1,6.95
11/26/2016,2,7.96
11/26/2016,3,9.39
11/26/2016,4,6.35
11/26/2016,5,6.09
11/26/2016,6,9.4
11/26/2016,7,5.67
11/26/2016,8,6.06
11/27/2016,0,4.07
11/27/2016,1,7.68
11/27/2016,2,1.43
11/27/2016,3,0.1
11/27/2016,4,6.88
11/27/2016,5,2.68
11/27/2016,6,1.96
11/27/2016,7,8.83
11/27/2016,8,3.57
11/28/2016,0,7.73
11/28/2016,1,7.89
11/28/2016,2,1.38
11/28/2016,3,1.83
11/28/2016,4,1.99
11/28/2016,5,2.03
11/28/2016,6,5.96
11/28/2016,7,0.17
11/28/2016,8,6.05
11/29/2016,0,1.57
11/29/2016,1,9.41
11/29/2016,2,2.19
11/29/2016,3,3.95
11/29/2016,4,0.04
11/29/2016,5,0.11
11/29/2016,6,5.99
11/29/2016,7,1.72
11/29/2016,8,7.24
11/30/2016,0,1.78
11/30/2016,1,4.23
11/30/2016,2,5.84
11/30/2016,3,8.13
11/30/2016,4,1.69
11/30/2016,5,6.17
11/30/2016,6,5.05
11/30/2016,7,3.58
11/30/2016,8,3.34
12/1/2016,0,3.55
12/1/2016,1,5.45
12/1/2016,2,7.09
12/1/2016,3,2.46
12/1/2016,4,6.06
12/1/2016,5,1.98
12/1/2016,6,1.26
12/1/2016,7,5.3
12/1/2016,8,0.91
12/2/2016,0,8.94
12/2/2016,1,7.24
12/2/2016,2,9.75
12/2/2016,3,2.98
12/2/2016,4,8.51
12/2/2016,5,8.4
12/2/2016,6,3.31
12/2/2016,7,8.84
12/2/2016,8,8.92
12/3/2016,0,6.75
12/3/2016,1,6.4
12/3/2016,2,8.15
12/3/2016,3,3.49
12/3/2016,4,6.87
12/3/2016,5,6.23
12/3/2016,6,0.82
12/3/2016,7,7.24
12/3/2016,8,7.56
12/4/2016,0,4.22
12/4/2016,1,6.65
12/4/2016,2,0.74
12/4/2016,3,5.76
12/4/2016,4,9.31
12/4/2016,5,7.18
12/4/2016,6,9.57
12/4/2016,7,0.95
12/4/2016,8,1.05
12/5/2016,0,6.01
12/5/2016,1,3.49
12/5/2016,2,0.42
12/5/2016,3,8.28
12/5/2016,4,4.69
12/5/2016,5,1.41
12/5/2016,6,7.92
12/5/2016,7,4.16
12/5/2016,8,6.5
12/6/2016,0,7.38
12/6/2016,1,8.41
12/6/2016,2,3.39
12/6/2016,3,8.82
12/6/2016,4,7.48
12/6/2016,5,1.63
12/6/2016,6,5.24
12/6/2016,7,8.45
12/6/2016,8,0
12/7/2016,0,5.95
12/7/2016,1,4.73
12/7/2016,2,0.7
12/7/2016,3,9.16
12/7/2016,4,1.78
12/7/2016,5,4.58
12/7/2016,6,4.79
12/7/2016,7,7.95
12/7/2016,8,0.83
12/8/2016,0,2.87
12/8/2016,1,2.82
12/8/2016,2,7.02
12/8/2016,3,3.34
12/8/2016,4,4.68
12/8/2016,5,9.16
12/8/2016,6,4.71
12/8/2016,7,0.68
12/8/2016,8,1.13
12/9/2016,0,0.34
12/9/2016,1,7.99
12/9/2016,2,4.55
12/9/2016,3,6.04
12/9/2016,4,2.77
12/9/2016,5,5.16
12/9/2016,6,7.53
12/9/2016,7,8.6
12/9/2016,8,7.33
12/10/2016,0,9.26
12/10/2016,1,1.52
12/10/2016,2,0.22
12/10/2016,3,5.31
12/10/2016,4,5.01
12/10/2016,5,2.4
12/10/2016,6,5.24
12/10/2016,7,9.47
12/10/2016,8,3.51
12/11/2016,0,9.26
12/11/2016,1,7.93
12/11/2016,2,8.16
12/11/2016,3,6.03
12/11/2016,4,5.99
12/11/2016,5,2.98
12/11/2016,6,7.7
12/11/2016,7,2.44
12/11/2016,8,1.74
12/12/2016,0,2.34
12/12/2016,1,0.16
12/12/2016,2,0.35
12/12/2016,3,4.1
12/12/2016,4,9.42
12/12/2016,5,9.53
12/12/2016,6,8.28
12/12/2016,7,5.51
12/12/2016,8,0.31
12/13/2016,0,9.14
12/13/2016,1,9.7
12/13/2016,2,9.06
12/13/2016,3,2.9
12/13/2016,4,7.1
12/13/2016,5,5.34
12/13/2016,6,4.69
12/13/2016,7,6.7
12/13/2016,8,4.62
12/14/2016,0,7.83
12/14/2016,1,0.51
12/14/2016,2,0.43
12/14/2016,3,4.04
12/14/2016,4,6.08
12/14/2016,5,6.77
12/14/2016,6,9.47
12/14/2016,7,9.73
12/14/2016,8,7.05
12/15/2016,0,2.01
12/15/2016,1,2.58
12/15/2016,2,5.03
12/15/2016,3,8.82
12/15/2016,4,1.99
12/15/2016,5,5.83
12/15/2016,6,2.78
12/15/2016,7,2.06
12/15/2016,8,1.81
12/16/2016,0,1.52
12/16/2016,1,5.22
12/16/2016,2,6.76
12/16/2016,3,0.96
12/16/2016,4,2.02
12/16/2016,5,1.64
12/16/2016,6,7.06
12/16/2016,7,9.13
12/16/2016,8,1.32
12/17/2016,0,8.36
12/17/2016,1,0.18
12/17/2016,2,7.88
12/17/2016,3,2.01
12/17/2016,4,6.28
12/17/2016,5,4.28
12/17/2016,6,9.43
12/17/2016,7,1.99
12/17/2016,8,5.8
12/18/2016,0,6.57
12/18/2016,1,9.44
12/18/2016,2,2.75
12/18/2016,3,7.56
12/18/2016,4,4.92
12/18/2016,5,4.9
12/18/2016,6,1.02
12/18/2016,7,0.19
12/18/2016,8,5.68
12/19/2016,0,1.61
12/19/2016,1,6.22
12/19/2016,2,2.77
12/19/2016,3,5.71
12/19/2016,4,8.79
12/19/2016,5,9.09
12/19/2016,6,1.08
12/19/2016,7,9.02
12/19/2016,8,9.22
12/20/2016,0,0.95
12/20/2016,1,0.9
12/20/2016,2,6.91
12/20/2016,3,4.68
12/20/2016,4,8.71
12/20/2016,5,1.3
12/20/2016,6,6
12/20/2016,7,5.8
12/20/2016,8,8.21
12/21/2016,0,3.2
12/21/2016,1,0.19
12/21/2016,2,4.28
12/21/2016,3,7.33
12/21/2016,4,6.15
12/21/2016,5,1.19
12/21/2016,6,3.5
12/21/2016,7,0.54
12/21/2016,8,6.96
12/22/2016,0,7.03
12/22/2016,1,0.08
12/22/2016,2,8.89
12/22/2016,3,9.42
12/22/2016,4,9.72
12/22/2016,5,5.48
12/22/2016,6,2.82
12/22/2016,7,3.11
12/22/2016,8,1.08
12/23/2016,0,1.19
12/23/2016,1,0.14
12/23/2016,2,3.29
12/23/2016,3,0.61
12/23/2016,4,5.63
12/23/2016,5,8.67
12/23/2016,6,0.57
12/23/2016,7,0.36
12/23/2016,8,3.81
12/24/2016,0,0.79
12/24/2016,1,1.05
12/24/2016,2,9.78
12/24/2016,3,3.09
12/24/2016,4,7.24
12/24/2016,5,2.86
12/24/2016,6,7.39
12/24/2016,7,9.73
12/24/2016,8,8.92
12/25/2016,0,4.63
12/25/2016,1,7.63
12/25/2016,2,1.29
12/25/2016,3,8.12
12/25/2016,4,5.13
12/25/2016,5,8.29
12/25/2016,6,9.12
12/25/2016,7,5.48
12/25/2016,8,1.09
12/26/2016,0,8.01
12/26/2016,1,4.14
12/26/2016,2,4.63
12/26/2016,3,1.79
12/26/2016,4,4.16
12/26/2016,5,6.18
12/26/2016,6,4.51
12/26/2016,7,4.9
12/26/2016,8,8.3
12/27/2016,0,3.99
12/27/2016,1,8.16
12/27/2016,2,8.17
12/27/2016,3,0.33
12/27/2016,4,8.82
12/27/2016,5,7.87
12/27/2016,6,5.13
12/27/2016,7,2.61
12/27/2016,8,8.87
12/28/2016,0,8.66
12/28/2016,1,1.34
12/28/2016,2,2.16
12/28/2016,3,6.01
12/28/2016,4,5.99
12/28/2016,5,9.51
12/28/2016,6,2.7
12/28/2016,7,8.96
12/28/2016,8,9.16
12/29/2016,0,8.3
12/29/2016,1,7.84
12/29/2016,2,8.88
12/29/2016,3,8.62
12/29/2016,4,9.41
12/29/2016,5,3.66
12/29/2016,6,4.54
12/29/2016,7,4.31
12/29/2016,8,2.09
12/30/2016,0,1.81
12/30/2016,1,4.21
12/30/2016,2,1.91
12/30/2016,3,2.68
12/30/2016,4,3.91
12/30/2016,5,0.33
12/30/2016,6,5.82
12/30/2016,7,8.6
12/30/2016,8,4.42
12/31/2016,0,1.57
12/31/2016,1,0.92
12/31/2016,2,3.47
12/31/2016,3,1.65
12/31/2016,4,3.72
12/31/2016,5,9.81
12/31/2016,6,9.82
12/31/2016,7,6.29
12/31/2016,8,7.52