Month,Year,Precip
0,1/1/2014,3.14
1,1/1/2014,4.13
2,1/1/2014,5.27
3,1/1/2014,4.27
4,1/1/2014,6.71
5,1/1/2014,3.90
6,1/1/2014,1.17
7,1/1/2014,8.73
8,1/1/2014,6.32
9,1/1/2014,0.02
10,1/1/2014,8.94
11,1/1/2014,2.59
0,1/2/2014,4.31
1,1/2/2014,5.95
2,1/2/2014,2.49
3,1/2/2014,6.64
4,1/2/2014,3.07
5,1/2/2014,5.91
6,1/2/2014,6.00
7,1/2/2014,9.29
8,1/2/2014,6.45
9,1/2/2014,7.83
10,1/2/2014,4.37
11,1/2/2014,5.00
0,1/3/2014,0.76
1,1/3/2014,4.85
2,1/3/2014,7.05
3,1/3/2014,5.02
4,1/3/2014,7.55
5,1/3/2014,0.49
6,1/3/2014,7.74
7,1/3/2014,8.98
8,1/3/2014,9.01
9,1/3/2014,6.03
10,1/3/2014,9.46
11,1/3/2014,3.65
0,1/4/2014,6.14
1,1/4/2014,3.93
2,1/4/2014,8.21
3,1/4/2014,1.21
4,1/4/2014,9.28
5,1/4/2014,0.17
6,1/4/2014,6.31
7,1/4/2014,3.45
8,1/4/2014,0.34
9,1/4/2014,9.46
10,1/4/2014,0.47
11,1/4/2014,9.35
0,1/5/2014,6.06
1,1/5/2014,1.75
2,1/5/2014,8.58
3,1/5/2014,3.31
4,1/5/2014,2.28
5,1/5/2014,5.37
6,1/5/2014,3.42
7,1/5/2014,8.38
8,1/5/2014,9.66
9,1/5/2014,2.02
10,1/5/2014,1.24
11,1/5/2014,3.71
0,1/6/2014,2.45
1,1/6/2014,1.49
2,1/6/2014,8.02
3,1/6/2014,8.44
4,1/6/2014,3.22
5,1/6/2014,9.56
6,1/6/2014,6.44
7,1/6/2014,4.81
8,1/6/2014,8.07
9,1/6/2014,0.54
10,1/6/2014,2.25
11,1/6/2014,1.72
0,1/7/2014,8.91
1,1/7/2014,7.46
2,1/7/2014,9.43
3,1/7/2014,6.20
4,1/7/2014,1.53
5,1/7/2014,6.42
6,1/7/2014,0.00
7,1/7/2014,4.44
8,1/7/2014,0.89
9,1/7/2014,8.54
10,1/7/2014,5.38
11,1/7/2014,5.68
0,1/8/2014,7.88
1,1/8/2014,2.54
2,1/8/2014,3.51
3,1/8/2014,2.33
4,1/8/2014,5.07
5,1/8/2014,3.05
6,1/8/2014,7.74
7,1/8/2014,6.71
8,1/8/2014,2.48
9,1/8/2014,5.39
10,1/8/2014,0.98
11,1/8/2014,0.65
0,1/9/2014,8.17
1,1/9/2014,5.05
2,1/9/2014,1.42
3,1/9/2014,6.82
4,1/9/2014,2.75
5,1/9/2014,1.19
6,1/9/2014,4.12
7,1/9/2014,2.11
8,1/9/2014,1.18
9,1/9/2014,6.98
10,1/9/2014,6.24
11,1/9/2014,1.62
0,1/10/2014,0.23
1,1/10/2014,6.07
2,1/10/2014,2.18
3,1/10/2014,8.84
4,1/10/2014,4.77
5,1/10/2014,3.66
6,1/10/2014,9.07
7,1/10/2014,1.76
8,1/10/2014,1.79
9,1/10/2014,2.59
10,1/10/2014,2.24
11,1/10/2014,6.76
0,1/11/2014,6.52
1,1/11/2014,0.07
2,1/11/2014,5.08
3,1/11/2014,2.47
4,1/11/2014,1.12
5,1/11/2014,7.83
6,1/11/2014,7.33
7,1/11/2014,3.27
8,1/11/2014,2.78
9,1/11/2014,9.40
10,1/11/2014,1.47
11,1/11/2014,7.89
0,1/12/2014,4.63
1,1/12/2014,1.21
2,1/12/2014,7.08
3,1/12/2014,2.01
4,1/12/2014,9.99
5,1/12/2014,0.51
6,1/12/2014,9.20
7,1/12/2014,5.05
8,1/12/2014,7.60
9,1/12/2014,1.96
10,1/12/2014,7.62
11,1/12/2014,0.30
0,1/13/2014,3.06
1,1/13/2014,6.33
2,1/13/2014,0.91
3,1/13/2014,4.55
4,1/13/2014,9.80
5,1/13/2014,9.54
6,1/13/2014,0.25
7,1/13/2014,8.01
8,1/13/2014,0.86
9,1/13/2014,7.45
10,1/13/2014,5.84
11,1/13/2014,7.80
0,1/14/2014,1.53
1,1/14/2014,1.98
2,1/14/2014,0.73
3,1/14/2014,8.74
4,1/14/2014,1.41
5,1/14/2014,7.31
6,1/14/2014,4.65
7,1/14/2014,3.03
8,1/14/2014,4.10
9,1/14/2014,0.27
10,1/14/2014,3.70
11,1/14/2014,6.79
0,1/15/2014,1.62
1,1/15/2014,8.29
2,1/15/2014,0.01
3,1/15/2014,4.67
4,1/15/2014,0.90
5,1/15/2014,8.96
6,1/15/2014,8.98
7,1/15/2014,5.85
8,1/15/2014,9.45
9,1/15/2014,0.13
10,1/15/2014,1.12
11,1/15/2014,3.55
0,1/16/2014,7.95
1,1/16/2014,5.98
2,1/16/2014,9.35
3,1/16/2014,8.02
4,1/16/2014,8.11
5,1/16/2014,4.87
6,1/16/2014,2.65
7,1/16/2014,7.40
8,1/16/2014,5.08
9,1/16/2014,6.87
10,1/16/2014,1.57
11,1/16/2014,3.98
0,1/17/2014,5.24
1,1/17/2014,4.92
2,1/17/2014,1.50
3,1/17/2014,4.08
4,1/17/2014,1.72
5,1/17/2014,1.41
6,1/17/2014,5.20
7,1/17/2014,7.87
8,1/17/2014,1.85
9,1/17/2014,3.33
10,1/17/2014,6.82
11,1/17/2014,2.16
0,1/18/2014,3.42
1,1/18/2014,2.96
2,1/18/2014,5.94
3,1/18/2014,2.88
4,1/18/2014,8.62
5,1/18/2014,7.84
6,1/18/2014,1.62
7,1/18/2014,6.10
8,1/18/2014,8.00
9,1/18/2014,3.25
10,1/18/2014,3.15
11,1/18/2014,5.98
0,1/19/2014,9.67
1,1/19/2014,2.87
2,1/19/2014,6.58
3,1/19/2014,5.73
4,1/19/2014,2.51
5,1/19/2014,8.23
6,1/19/2014,3.21
7,1/19/2014,2.72
8,1/19/2014,6.25
9,1/19/2014,6.03
10,1/19/2014,9.19
11,1/19/2014,2.31
0,1/20/2014,4.93
1,1/20/2014,2.49
2,1/20/2014,3.36
3,1/20/2014,5.71
4,1/20/2014,5.44
5,1/20/2014,8.21
6,1/20/2014,3.88
7,1/20/2014,5.92
8,1/20/2014,6.77
9,1/20/2014,2.91
10,1/20/2014,2.74
11,1/20/2014,2.66
0,1/21/2014,1.41
1,1/21/2014,8.92
2,1/21/2014,1.44
3,1/21/2014,1.20
4,1/21/2014,5.41
5,1/21/2014,4.24
6,1/21/2014,0.22
7,1/21/2014,2.45
8,1/21/2014,9.17
9,1/21/2014,0.91
10,1/21/2014,8.14
11,1/21/2014,1.55
0,1/22/2014,7.54
1,1/22/2014,1.94
2,1/22/2014,0.77
3,1/22/2014,0.24
4,1/22/2014,3.55
5,1/22/2014,0.75
6,1/22/2014,8.04
7,1/22/2014,3.56
8,1/22/2014,7.32
9,1/22/2014,0.21
10,1/22/2014,4.94
11,1/22/2014,5.15
0,1/23/2014,8.21
1,1/23/2014,4.41
2,1/23/2014,3.81
3,1/23/2014,6.78
4,1/23/2014,5.74
5,1/23/2014,5.54
6,1/23/2014,8.19
7,1/23/2014,6.32
8,1/23/2014,2.48
9,1/23/2014,9.44
10,1/23/2014,4.47
11,1/23/2014,5.88
0,1/24/2014,9.79
1,1/24/2014,8.59
2,1/24/2014,9.70
3,1/24/2014,6.03
4,1/24/2014,5.76
5,1/24/2014,7.93
6,1/24/2014,0.69
7,1/24/2014,4.86
8,1/24/2014,2.90
9,1/24/2014,9.81
10,1/24/2014,2.36
11,1/24/2014,0.70
0,1/25/2014,2.37
1,1/25/2014,6.71
2,1/25/2014,0.63
3,1/25/2014,5.73
4,1/25/2014,0.31
5,1/25/2014,6.60
6,1/25/2014,8.49
7,1/25/2014,3.36
8,1/25/2014,1.57
9,1/25/2014,4.09
10,1/25/2014,2.21
11,1/25/2014,6.26
0,1/26/2014,5.71
1,1/26/2014,2.37
2,1/26/2014,8.14
3,1/26/2014,3.44
4,1/26/2014,0.46
5,1/26/2014,4.51
6,1/26/2014,9.85
7,1/26/2014,3.98
8,1/26/2014,7.94
9,1/26/2014,0.46
10,1/26/2014,9.43
11,1/26/2014,2.52
0,1/27/2014,9.86
1,1/27/2014,5.40
2,1/27/2014,6.40
3,1/27/2014,6.33
4,1/27/2014,9.03
5,1/27/2014,8.02
6,1/27/2014,2.85
7,1/27/2014,6.84
8,1/27/2014,5.46
9,1/27/2014,2.72
10,1/27/2014,3.32
11,1/27/2014,8.97
0,1/28/2014,7.41
1,1/28/2014,8.01
2,1/28/2014,3.81
3,1/28/2014,0.17
4,1/28/2014,9.54
5,1/28/2014,4.42
6,1/28/2014,4.92
7,1/28/2014,7.21
8,1/28/2014,2.43
9,1/28/2014,9.43
10,1/28/2014,0.53
11,1/28/2014,3.03
0,1/29/2014,0.68
1,1/29/2014,3.19
2,1/29/2014,4.73
3,1/29/2014,7.57
4,1/29/2014,9.26
5,1/29/2014,8.77
6,1/29/2014,6.62
7,1/29/2014,6.56
8,1/29/2014,1.50
9,1/29/2014,2.87
10,1/29/2014,4.71
11,1/29/2014,9.31
0,1/30/2014,5.12
1,1/30/2014,7.94
2,1/30/2014,0.14
3,1/30/2014,2.30
4,1/30/2014,6.96
5,1/30/2014,4.96
6,1/30/2014,0.39
7,1/30/2014,8.20
8,1/30/2014,0.92
9,1/30/2014,6.61
10,1/30/2014,3.78
11,1/30/2014,1.05
0,1/31/2014,8.32
1,1/31/2014,4.36
2,1/31/2014,7.71
3,1/31/2014,7.08
4,1/31/2014,4.43
5,1/31/2014,9.30
6,1/31/2014,2.92
7,1/31/2014,7.06
8,1/31/2014,0.24
9,1/31/2014,5.93
10,1/31/2014,9.63
11,1/31/2014,0.71
0,2/1/2014,3.78
1,2/1/2014,9.94
2,2/1/2014,0.93
3,2/1/2014,5.78
4,2/1/2014,1.06
5,2/1/2014,6.04
6,2/1/2014,3.26
7,2/1/2014,4.28
8,2/1/2014,2.72
9,2/1/2014,9.52
10,2/1/2014,3.89
11,2/1/2014,6.41
0,2/2/2014,8.88
1,2/2/2014,5.65
2,2/2/2014,0.57
3,2/2/2014,8.21
4,2/2/2014,1.21
5,2/2/2014,4.40
6,2/2/2014,8.79
7,2/2/2014,2.47
8,2/2/2014,8.34
9,2/2/2014,3.99
10,2/2/2014,8.46
11,2/2/2014,3.61
0,2/3/2014,7.82
1,2/3/2014,5.76
2,2/3/2014,2.41
3,2/3/2014,6.50
4,2/3/2014,5.75
5,2/3/2014,4.53
6,2/3/2014,6.24
7,2/3/2014,5.82
8,2/3/2014,2.62
9,2/3/2014,3.14
10,2/3/2014,0.17
11,2/3/2014,7.44
0,2/4/2014,2.62
1,2/4/2014,7.33
2,2/4/2014,1.33
3,2/4/2014,5.78
4,2/4/2014,1.88
5,2/4/2014,7.18
6,2/4/2014,6.83
7,2/4/2014,1.43
8,2/4/2014,9.98
9,2/4/2014,4.26
10,2/4/2014,6.10
11,2/4/2014,1.28
0,2/5/2014,8.40
1,2/5/2014,9.64
2,2/5/2014,3.58
3,2/5/2014,9.77
4,2/5/2014,8.75
5,2/5/2014,6.30
6,2/5/2014,1.84
7,2/5/2014,3.02
8,2/5/2014,3.71
9,2/5/2014,0.93
10,2/5/2014,8.27
11,2/5/2014,9.86
0,2/6/2014,3.48
1,2/6/2014,4.55
2,2/6/2014,7.77
3,2/6/2014,2.55
4,2/6/2014,0.95
5,2/6/2014,8.02
6,2/6/2014,8.38
7,2/6/2014,7.60
8,2/6/2014,9.69
9,2/6/2014,8.90
10,2/6/2014,5.81
11,2/6/2014,1.92
0,2/7/2014,9.69
1,2/7/2014,8.13
2,2/7/2014,8.48
3,2/7/2014,2.33
4,2/7/2014,7.19
5,2/7/2014,1.16
6,2/7/2014,4.33
7,2/7/2014,7.24
8,2/7/2014,6.59
9,2/7/2014,5.94
10,2/7/2014,6.64
11,2/7/2014,7.64
0,2/8/2014,4.51
1,2/8/2014,1.52
2,2/8/2014,6.58
3,2/8/2014,0.78
4,2/8/2014,8.01
5,2/8/2014,4.86
6,2/8/2014,6.83
7,2/8/2014,4.16
8,2/8/2014,2.00
9,2/8/2014,0.22
10,2/8/2014,1.75
11,2/8/2014,9.05
0,2/9/2014,3.50
1,2/9/2014,4.99
2,2/9/2014,6.49
3,2/9/2014,2.77
4,2/9/2014,3.56
5,2/9/2014,8.23
6,2/9/2014,9.64
7,2/9/2014,6.31
8,2/9/2014,1.47
9,2/9/2014,3.27
10,2/9/2014,1.39
11,2/9/2014,9.09
0,2/10/2014,9.52
1,2/10/2014,3.82
2,2/10/2014,1.81
3,2/10/2014,6.04
4,2/10/2014,0.63
5,2/10/2014,3.67
6,2/10/2014,2.13
7,2/10/2014,2.94
8,2/10/2014,5.91
9,2/10/2014,3.90
10,2/10/2014,5.07
11,2/10/2014,4.78
0,2/11/2014,3.78
1,2/11/2014,7.65
2,2/11/2014,9.09
3,2/11/2014,8.52
4,2/11/2014,7.39
5,2/11/2014,1.91
6,2/11/2014,5.35
7,2/11/2014,5.86
8,2/11/2014,2.53
9,2/11/2014,7.89
10,2/11/2014,5.45
11,2/11/2014,4.04
0,2/12/2014,4.03
1,2/12/2014,6.16
2,2/12/2014,2.76
3,2/12/2014,2.55
4,2/12/2014,4.28
5,2/12/2014,0.57
6,2/12/2014,9.99
7,2/12/2014,1.47
8,2/12/2014,4.50
9,2/12/2014,5.48
10,2/12/2014,0.81
11,2/12/2014,2.89
0,2/13/2014,5.29
1,2/13/2014,4.00
2,2/13/2014,4.21
3,2/13/2014,0.15
4,2/13/2014,0.62
5,2/13/2014,1.04
6,2/13/2014,5.63
7,2/13/2014,1.04
8,2/13/2014,6.15
9,2/13/2014,4.08
10,2/13/2014,0.67
11,2/13/2014,0.14
0,2/14/2014,0.84
1,2/14/2014,6.04
2,2/14/2014,3.22
3,2/14/2014,2.25
4,2/14/2014,8.30
5,2/14/2014,9.34
6,2/14/2014,1.87
7,2/14/2014,3.75
8,2/14/2014,2.75
9,2/14/2014,7.49
10,2/14/2014,5.54
11,2/14/2014,1.15
0,2/15/2014,3.10
1,2/15/2014,0.91
2,2/15/2014,1.72
3,2/15/2014,6.24
4,2/15/2014,7.08
5,2/15/2014,6.37
6,2/15/2014,8.43
7,2/15/2014,5.80
8,2/15/2014,7.06
9,2/15/2014,5.38
10,2/15/2014,3.96
11,2/15/2014,9.26
0,2/16/2014,8.21
1,2/16/2014,5.66
2,2/16/2014,7.17
3,2/16/2014,1.96
4,2/16/2014,9.58
5,2/16/2014,0.74
6,2/16/2014,4.33
7,2/16/2014,2.85
8,2/16/2014,8.89
9,2/16/2014,7.54
10,2/16/2014,7.79
11,2/16/2014,5.00
0,2/17/2014,2.03
1,2/17/2014,8.38
2,2/17/2014,6.14
3,2/17/2014,4.62
4,2/17/2014,9.01
5,2/17/2014,3.97
6,2/17/2014,4.73
7,2/17/2014,9.04
8,2/17/2014,9.38
9,2/17/2014,6.47
10,2/17/2014,0.92
11,2/17/2014,7.03
0,2/18/2014,1.03
1,2/18/2014,7.31
2,2/18/2014,8.14
3,2/18/2014,5.69
4,2/18/2014,8.30
5,2/18/2014,2.54
6,2/18/2014,8.75
7,2/18/2014,6.15
8,2/18/2014,7.22
9,2/18/2014,9.95
10,2/18/2014,6.43
11,2/18/2014,6.99
0,2/19/2014,7.80
1,2/19/2014,5.61
2,2/19/2014,5.00
3,2/19/2014,8.11
4,2/19/2014,6.07
5,2/19/2014,4.71
6,2/19/2014,2.13
7,2/19/2014,9.81
8,2/19/2014,1.42
9,2/19/2014,0.79
10,2/19/2014,3.08
11,2/19/2014,1.44
0,2/20/2014,7.98
1,2/20/2014,9.92
2,2/20/2014,1.94
3,2/20/2014,1.51
4,2/20/2014,2.19
5,2/20/2014,1.60
6,2/20/2014,5.00
7,2/20/2014,6.54
8,2/20/2014,2.90
9,2/20/2014,5.98
10,2/20/2014,3.92
11,2/20/2014,8.99
0,2/21/2014,4.04
1,2/21/2014,7.98
2,2/21/2014,4.14
3,2/21/2014,5.53
4,2/21/2014,4.70
5,2/21/2014,2.37
6,2/21/2014,7.61
7,2/21/2014,5.86
8,2/21/2014,6.10
9,2/21/2014,0.24
10,2/21/2014,7.28
11,2/21/2014,8.56
0,2/22/2014,0.01
1,2/22/2014,6.75
2,2/22/2014,5.22
3,2/22/2014,5.09
4,2/22/2014,8.62
5,2/22/2014,1.79
6,2/22/2014,5.09
7,2/22/2014,5.16
8,2/22/2014,1.56
9,2/22/2014,0.24
10,2/22/2014,4.55
11,2/22/2014,6.68
0,2/23/2014,1.78
1,2/23/2014,6.16
2,2/23/2014,3.22
3,2/23/2014,1.37
4,2/23/2014,8.39
5,2/23/2014,5.55
6,2/23/2014,6.73
7,2/23/2014,2.68
8,2/23/2014,1.14
9,2/23/2014,5.96
10,2/23/2014,8.25
11,2/23/2014,6.29
0,2/24/2014,8.20
1,2/24/2014,6.91
2,2/24/2014,4.61
3,2/24/2014,4.31
4,2/24/2014,6.22
5,2/24/2014,4.29
6,2/24/2014,5.42
7,2/24/2014,4.06
8,2/24/2014,9.21
9,2/24/2014,3.60
10,2/24/2014,9.82
11,2/24/2014,8.34
0,2/25/2014,0.68
1,2/25/2014,1.30
2,2/25/2014,7.72
3,2/25/2014,9.61
4,2/25/2014,1.64
5,2/25/2014,1.00
6,2/25/2014,9.17
7,2/25/2014,2.46
8,2/25/2014,5.69
9,2/25/2014,1.42
10,2/25/2014,7.98
11,2/25/2014,9.23
0,2/26/2014,1.28
1,2/26/2014,5.88
2,2/26/2014,3.68
3,2/26/2014,1.95
4,2/26/2014,0.09
5,2/26/2014,9.01
6,2/26/2014,8.63
7,2/26/2014,9.44
8,2/26/2014,0.39
9,2/26/2014,4.97
10,2/26/2014,5.76
11,2/26/2014,2.29
0,2/27/2014,3.69
1,2/27/2014,2.74
2,2/27/2014,5.89
3,2/27/2014,0.16
4,2/27/2014,3.13
5,2/27/2014,8.46
6,2/27/2014,2.75
7,2/27/2014,4.91
8,2/27/2014,2.55
9,2/27/2014,1.70
10,2/27/2014,7.89
11,2/27/2014,0.58
0,2/28/2014,5.89
1,2/28/2014,2.48
2,2/28/2014,7.59
3,2/28/2014,5.98
4,2/28/2014,7.41
5,2/28/2014,8.44
6,2/28/2014,8.55
7,2/28/2014,8.77
8,2/28/2014,4.88
9,2/28/2014,7.19
10,2/28/2014,9.54
11,2/28/2014,0.22
0,3/1/2014,9.17
1,3/1/2014,6.89
2,3/1/2014,1.69
3,3/1/2014,8.50
4,3/1/2014,6.04
5,3/1/2014,9.59
6,3/1/2014,0.92
7,3/1/2014,4.64
8,3/1/2014,7.68
9,3/1/2014,5.42
10,3/1/2014,2.34
11,3/1/2014,9.17
0,3/2/2014,4.85
1,3/2/2014,2.62
2,3/2/2014,7.76
3,3/2/2014,9.45
4,3/2/2014,2.55
5,3/2/2014,8.03
6,3/2/2014,4.47
7,3/2/2014,7.53
8,3/2/2014,6.07
9,3/2/2014,4.71
10,3/2/2014,5.23
11,3/2/2014,5.64
0,3/3/2014,7.39
1,3/3/2014,8.89
2,3/3/2014,7.33
3,3/3/2014,1.87
4,3/3/2014,5.87
5,3/3/2014,6.25
6,3/3/2014,0.85
7,3/3/2014,1.75
8,3/3/2014,1.25
9,3/3/2014,8.12
10,3/3/2014,4.56
11,3/3/2014,2.39
0,3/4/2014,1.58
1,3/4/2014,2.32
2,3/4/2014,1.29
3,3/4/2014,4.38
4,3/4/2014,3.37
5,3/4/2014,9.19
6,3/4/2014,3.11
7,3/4/2014,3.68
8,3/4/2014,6.31
9,3/4/2014,3.00
10,3/4/2014,0.81
11,3/4/2014,9.64
0,3/5/2014,0.35
1,3/5/2014,0.79
2,3/5/2014,1.42
3,3/5/2014,7.71
4,3/5/2014,8.80
5,3/5/2014,5.56
6,3/5/2014,2.07
7,3/5/2014,5.47
8,3/5/2014,6.74
9,3/5/2014,8.47
10,3/5/2014,8.64
11,3/5/2014,8.32
0,3/6/2014,0.82
1,3/6/2014,5.07
2,3/6/2014,2.45
3,3/6/2014,6.77
4,3/6/2014,2.93
5,3/6/2014,3.98
6,3/6/2014,9.45
7,3/6/2014,0.85
8,3/6/2014,7.15
9,3/6/2014,2.50
10,3/6/2014,1.52
11,3/6/2014,8.33
0,3/7/2014,6.78
1,3/7/2014,2.55
2,3/7/2014,1.28
3,3/7/2014,2.58
4,3/7/2014,5.88
5,3/7/2014,1.99
6,3/7/2014,7.91
7,3/7/2014,2.60
8,3/7/2014,7.48
9,3/7/2014,1.13
10,3/7/2014,3.43
11,3/7/2014,2.80
0,3/8/2014,8.88
1,3/8/2014,1.29
2,3/8/2014,6.13
3,3/8/2014,2.16
4,3/8/2014,3.24
5,3/8/2014,2.74
6,3/8/2014,9.92
7,3/8/2014,3.22
8,3/8/2014,5.00
9,3/8/2014,2.06
10,3/8/2014,6.59
11,3/8/2014,9.00
0,3/9/2014,6.36
1,3/9/2014,4.95
2,3/9/2014,0.57
3,3/9/2014,2.31
4,3/9/2014,1.13
5,3/9/2014,9.06
6,3/9/2014,4.45
7,3/9/2014,5.40
8,3/9/2014,2.14
9,3/9/2014,2.73
10,3/9/2014,7.15
11,3/9/2014,9.56
0,3/10/2014,8.62
1,3/10/2014,9.94
2,3/10/2014,5.44
3,3/10/2014,3.70
4,3/10/2014,0.24
5,3/10/2014,8.64
6,3/10/2014,4.09
7,3/10/2014,8.10
8,3/10/2014,5.04
9,3/10/2014,9.59
10,3/10/2014,9.37
11,3/10/2014,4.51
0,3/11/2014,0.02
1,3/11/2014,5.52
2,3/11/2014,5.57
3,3/11/2014,6.66
4,3/11/2014,3.87
5,3/11/2014,5.72
6,3/11/2014,4.50
7,3/11/2014,5.77
8,3/11/2014,3.42
9,3/11/2014,9.76
10,3/11/2014,3.51
11,3/11/2014,4.33
0,3/12/2014,7.20
1,3/12/2014,4.83
2,3/12/2014,8.31
3,3/12/2014,7.27
4,3/12/2014,1.74
5,3/12/2014,5.35
6,3/12/2014,3.24
7,3/12/2014,4.19
8,3/12/2014,8.88
9,3/12/2014,0.07
10,3/12/2014,2.97
11,3/12/2014,7.89
0,3/13/2014,5.24
1,3/13/2014,1.56
2,3/13/2014,6.46
3,3/13/2014,4.15
4,3/13/2014,8.26
5,3/13/2014,5.14
6,3/13/2014,6.19
7,3/13/2014,5.38
8,3/13/2014,6.64
9,3/13/2014,9.73
10,3/13/2014,3.15
11,3/13/2014,6.03
0,3/14/2014,6.97
1,3/14/2014,0.85
2,3/14/2014,0.44
3,3/14/2014,0.63
4,3/14/2014,2.42
5,3/14/2014,6.87
6,3/14/2014,7.11
7,3/14/2014,6.46
8,3/14/2014,3.83
9,3/14/2014,3.37
10,3/14/2014,6.38
11,3/14/2014,1.58
0,3/15/2014,8.29
1,3/15/2014,6.49
2,3/15/2014,1.84
3,3/15/2014,5.40
4,3/15/2014,5.47
5,3/15/2014,5.89
6,3/15/2014,8.61
7,3/15/2014,3.57
8,3/15/2014,7.36
9,3/15/2014,9.55
10,3/15/2014,6.24
11,3/15/2014,0.87
0,3/16/2014,2.55
1,3/16/2014,7.68
2,3/16/2014,4.34
3,3/16/2014,6.14
4,3/16/2014,2.65
5,3/16/2014,0.80
6,3/16/2014,2.13
7,3/16/2014,0.81
8,3/16/2014,4.33
9,3/16/2014,7.17
10,3/16/2014,8.28
11,3/16/2014,8.40
0,3/17/2014,7.42
1,3/17/2014,8.44
2,3/17/2014,7.85
3,3/17/2014,5.68
4,3/17/2014,6.40
5,3/17/2014,8.23
6,3/17/2014,9.24
7,3/17/2014,7.70
8,3/17/2014,9.75
9,3/17/2014,7.36
10,3/17/2014,4.96
11,3/17/2014,7.53
0,3/18/2014,9.37
1,3/18/2014,1.16
2,3/18/2014,6.77
3,3/18/2014,8.88
4,3/18/2014,0.21
5,3/18/2014,8.91
6,3/18/2014,7.43
7,3/18/2014,4.24
8,3/18/2014,8.26
9,3/18/2014,2.56
10,3/18/2014,8.38
11,3/18/2014,3.68
0,3/19/2014,3.78
1,3/19/2014,2.49
2,3/19/2014,5.23
3,3/19/2014,9.83
4,3/19/2014,5.39
5,3/19/2014,0.57
6,3/19/2014,0.59
7,3/19/2014,2.76
8,3/19/2014,9.85
9,3/19/2014,6.85
10,3/19/2014,6.76
11,3/19/2014,4.26
0,3/20/2014,1.67
1,3/20/2014,4.81
2,3/20/2014,9.43
3,3/20/2014,4.90
4,3/20/2014,6.72
5,3/20/2014,1.38
6,3/20/2014,6.91
7,3/20/2014,8.83
8,3/20/2014,3.86
9,3/20/2014,2.31
10,3/20/2014,8.55
11,3/20/2014,0.58
0,3/21/2014,9.15
1,3/21/2014,0.34
2,3/21/2014,0.40
3,3/21/2014,5.45
4,3/21/2014,7.84
5,3/21/2014,3.78
6,3/21/2014,5.61
7,3/21/2014,9.83
8,3/21/2014,0.45
9,3/21/2014,5.30
10,3/21/2014,2.09
11,3/21/2014,1.03
0,3/22/2014,0.44
1,3/22/2014,6.75
2,3/22/2014,0.18
3,3/22/2014,6.39
4,3/22/2014,2.83
5,3/22/2014,3.69
6,3/22/2014,8.74
7,3/22/2014,0.20
8,3/22/2014,4.86
9,3/22/2014,4.63
10,3/22/2014,8.64
11,3/22/2014,3.07
0,3/23/2014,2.26
1,3/23/2014,3.84
2,3/23/2014,9.24
3,3/23/2014,2.51
4,3/23/2014,7.19
5,3/23/2014,3.34
6,3/23/2014,4.51
7,3/23/2014,5.38
8,3/23/2014,6.71
9,3/23/2014,9.19
10,3/23/2014,2.59
11,3/23/2014,2.52
0,3/24/2014,4.15
1,3/24/2014,9.57
2,3/24/2014,4.57
3,3/24/2014,3.35
4,3/24/2014,8.94
5,3/24/2014,7.30
6,3/24/2014,5.56
7,3/24/2014,3.77
8,3/24/2014,4.49
9,3/24/2014,7.40
10,3/24/2014,4.21
11,3/24/2014,3.48
0,3/25/2014,7.83
1,3/25/2014,1.25
2,3/25/2014,4.52
3,3/25/2014,0.08
4,3/25/2014,9.16
5,3/25/2014,2.15
6,3/25/2014,7.46
7,3/25/2014,5.92
8,3/25/2014,4.26
9,3/25/2014,3.96
10,3/25/2014,8.33
11,3/25/2014,0.26
0,3/26/2014,7.75
1,3/26/2014,3.31
2,3/26/2014,0.04
3,3/26/2014,3.76
4,3/26/2014,0.62
5,3/26/2014,8.19
6,3/26/2014,1.62
7,3/26/2014,4.47
8,3/26/2014,1.25
9,3/26/2014,0.46
10,3/26/2014,5.92
11,3/26/2014,4.36
0,3/27/2014,4.98
1,3/27/2014,7.54
2,3/27/2014,0.49
3,3/27/2014,3.57
4,3/27/2014,3.73
5,3/27/2014,8.91
6,3/27/2014,0.72
7,3/27/2014,4.88
8,3/27/2014,3.95
9,3/27/2014,6.50
10,3/27/2014,5.00
11,3/27/2014,4.53
0,3/28/2014,7.83
1,3/28/2014,4.07
2,3/28/2014,7.50
3,3/28/2014,6.75
4,3/28/2014,0.30
5,3/28/2014,9.57
6,3/28/2014,5.29
7,3/28/2014,8.26
8,3/28/2014,1.74
9,3/28/2014,6.23
10,3/28/2014,3.12
11,3/28/2014,6.32
0,3/29/2014,4.27
1,3/29/2014,2.68
2,3/29/2014,0.88
3,3/29/2014,7.98
4,3/29/2014,7.70
5,3/29/2014,9.78
6,3/29/2014,5.93
7,3/29/2014,1.34
8,3/29/2014,9.82
9,3/29/2014,1.91
10,3/29/2014,4.97
11,3/29/2014,9.41
0,3/30/2014,4.42
1,3/30/2014,3.52
2,3/30/2014,7.76
3,3/30/2014,5.65
4,3/30/2014,9.61
5,3/30/2014,7.61
6,3/30/2014,8.16
7,3/30/2014,6.07
8,3/30/2014,8.66
9,3/30/2014,1.14
10,3/30/2014,6.17
11,3/30/2014,6.59
0,3/31/2014,4.97
1,3/31/2014,4.20
2,3/31/2014,8.59
3,3/31/2014,5.74
4,3/31/2014,3.34
5,3/31/2014,3.51
6,3/31/2014,4.73
7,3/31/2014,2.61
8,3/31/2014,9.68
9,3/31/2014,8.41
10,3/31/2014,7.76
11,3/31/2014,6.52
0,4/1/2014,2.31
1,4/1/2014,6.78
2,4/1/2014,2.40
3,4/1/2014,0.58
4,4/1/2014,8.87
5,4/1/2014,1.47
6,4/1/2014,4.05
7,4/1/2014,3.51
8,4/1/2014,4.30
9,4/1/2014,3.03
10,4/1/2014,4.90
11,4/1/2014,5.17
0,4/2/2014,6.81
1,4/2/2014,2.94
2,4/2/2014,8.41
3,4/2/2014,9.53
4,4/2/2014,1.07
5,4/2/2014,2.48
6,4/2/2014,3.80
7,4/2/2014,4.95
8,4/2/2014,9.77
9,4/2/2014,6.68
10,4/2/2014,8.99
11,4/2/2014,5.96
0,4/3/2014,7.35
1,4/3/2014,8.87
2,4/3/2014,1.57
3,4/3/2014,2.48
4,4/3/2014,2.99
5,4/3/2014,1.72
6,4/3/2014,4.19
7,4/3/2014,2.02
8,4/3/2014,2.49
9,4/3/2014,2.14
10,4/3/2014,3.16
11,4/3/2014,8.12
0,4/4/2014,2.81
1,4/4/2014,3.37
2,4/4/2014,6.06
3,4/4/2014,3.57
4,4/4/2014,6.54
5,4/4/2014,4.96
6,4/4/2014,7.33
7,4/4/2014,9.73
8,4/4/2014,7.82
9,4/4/2014,2.50
10,4/4/2014,8.51
11,4/4/2014,4.96
0,4/5/2014,5.66
1,4/5/2014,2.37
2,4/5/2014,3.40
3,4/5/2014,3.04
4,4/5/2014,5.43
5,4/5/2014,3.30
6,4/5/2014,7.07
7,4/5/2014,9.78
8,4/5/2014,4.40
9,4/5/2014,5.81
10,4/5/2014,1.45
11,4/5/2014,9.93
0,4/6/2014,2.44
1,4/6/2014,2.31
2,4/6/2014,9.84
3,4/6/2014,8.99
4,4/6/2014,5.00
5,4/6/2014,6.04
6,4/6/2014,6.93
7,4/6/2014,4.26
8,4/6/2014,1.13
9,4/6/2014,4.19
10,4/6/2014,1.36
11,4/6/2014,7.58
0,4/7/2014,6.13
1,4/7/2014,1.25
2,4/7/2014,2.45
3,4/7/2014,7.60
4,4/7/2014,4.46
5,4/7/2014,2.01
6,4/7/2014,3.93
7,4/7/2014,3.02
8,4/7/2014,6.17
9,4/7/2014,9.53
10,4/7/2014,2.82
11,4/7/2014,9.47
0,4/8/2014,6.78
1,4/8/2014,2.41
2,4/8/2014,3.24
3,4/8/2014,1.63
4,4/8/2014,8.56
5,4/8/2014,7.48
6,4/8/2014,1.13
7,4/8/2014,9.39
8,4/8/2014,8.84
9,4/8/2014,8.50
10,4/8/2014,7.71
11,4/8/2014,1.21
0,4/9/2014,9.25
1,4/9/2014,8.76
2,4/9/2014,6.85
3,4/9/2014,0.46
4,4/9/2014,8.33
5,4/9/2014,5.82
6,4/9/2014,3.55
7,4/9/2014,1.08
8,4/9/2014,8.79
9,4/9/2014,9.41
10,4/9/2014,8.91
11,4/9/2014,6.61
0,4/10/2014,9.78
1,4/10/2014,9.32
2,4/10/2014,9.76
3,4/10/2014,2.89
4,4/10/2014,4.12
5,4/10/2014,9.01
6,4/10/2014,9.45
7,4/10/2014,8.45
8,4/10/2014,0.10
9,4/10/2014,1.54
10,4/10/2014,0.26
11,4/10/2014,8.10
0,4/11/2014,7.57
1,4/11/2014,9.20
2,4/11/2014,6.55
3,4/11/2014,4.64
4,4/11/2014,8.55
5,4/11/2014,4.95
6,4/11/2014,2.32
7,4/11/2014,0.85
8,4/11/2014,3.11
9,4/11/2014,3.64
10,4/11/2014,6.39
11,4/11/2014,8.86
0,4/12/2014,2.45
1,4/12/2014,3.83
2,4/12/2014,3.28
3,4/12/2014,6.96
4,4/12/2014,2.42
5,4/12/2014,6.24
6,4/12/2014,8.19
7,4/12/2014,4.29
8,4/12/2014,2.32
9,4/12/2014,3.46
10,4/12/2014,0.06
11,4/12/2014,2.65
0,4/13/2014,5.80
1,4/13/2014,6.42
2,4/13/2014,7.45
3,4/13/2014,0.52
4,4/13/2014,2.97
5,4/13/2014,7.00
6,4/13/2014,8.25
7,4/13/2014,8.92
8,4/13/2014,5.45
9,4/13/2014,3.30
10,4/13/2014,5.75
11,4/13/2014,0.08
0,4/14/2014,8.97
1,4/14/2014,2.92
2,4/14/2014,0.27
3,4/14/2014,0.14
4,4/14/2014,1.16
5,4/14/2014,2.75
6,4/14/2014,7.80
7,4/14/2014,4.23
8,4/14/2014,6.17
9,4/14/2014,8.33
10,4/14/2014,4.51
11,4/14/2014,7.68
0,4/15/2014,0.97
1,4/15/2014,4.00
2,4/15/2014,8.70
3,4/15/2014,0.39
4,4/15/2014,2.83
5,4/15/2014,6.11
6,4/15/2014,9.79
7,4/15/2014,2.20
8,4/15/2014,1.80
9,4/15/2014,4.74
10,4/15/2014,7.39
11,4/15/2014,5.78
0,4/16/2014,6.61
1,4/16/2014,6.04
2,4/16/2014,2.17
3,4/16/2014,0.51
4,4/16/2014,7.70
5,4/16/2014,6.60
6,4/16/2014,4.15
7,4/16/2014,4.60
8,4/16/2014,6.48
9,4/16/2014,2.99
10,4/16/2014,3.44
11,4/16/2014,5.51
0,4/17/2014,5.53
1,4/17/2014,4.87
2,4/17/2014,3.05
3,4/17/2014,8.40
4,4/17/2014,0.49
5,4/17/2014,7.34
6,4/17/2014,3.23
7,4/17/2014,0.10
8,4/17/2014,0.88
9,4/17/2014,9.07
10,4/17/2014,2.32
11,4/17/2014,2.02
0,4/18/2014,3.47
1,4/18/2014,5.58
2,4/18/2014,9.15
3,4/18/2014,8.66
4,4/18/2014,9.09
5,4/18/2014,3.67
6,4/18/2014,8.51
7,4/18/2014,9.57
8,4/18/2014,0.78
9,4/18/2014,1.44
10,4/18/2014,1.87
11,4/18/2014,1.99
0,4/19/2014,8.95
1,4/19/2014,0.36
2,4/19/2014,2.36
3,4/19/2014,7.91
4,4/19/2014,6.99
5,4/19/2014,0.36
6,4/19/2014,4.59
7,4/19/2014,4.24
8,4/19/2014,9.15
9,4/19/2014,6.05
10,4/19/2014,7.28
11,4/19/2014,7.27
0,4/20/2014,0.75
1,4/20/2014,2.67
2,4/20/2014,8.76
3,4/20/2014,2.73
4,4/20/2014,0.02
5,4/20/2014,3.15
6,4/20/2014,3.48
7,4/20/2014,1.21
8,4/20/2014,9.60
9,4/20/2014,3.34
10,4/20/2014,0.50
11,4/20/2014,4.26
0,4/21/2014,5.52
1,4/21/2014,1.42
2,4/21/2014,3.37
3,4/21/2014,0.68
4,4/21/2014,1.07
5,4/21/2014,8.62
6,4/21/2014,4.57
7,4/21/2014,3.70
8,4/21/2014,3.12
9,4/21/2014,2.67
10,4/21/2014,6.52
11,4/21/2014,9.38
0,4/22/2014,8.85
1,4/22/2014,2.52
2,4/22/2014,5.51
3,4/22/2014,3.60
4,4/22/2014,1.57
5,4/22/2014,2.70
6,4/22/2014,4.79
7,4/22/2014,0.22
8,4/22/2014,5.27
9,4/22/2014,8.29
10,4/22/2014,7.49
11,4/22/2014,5.52
0,4/23/2014,9.06
1,4/23/2014,6.96
2,4/23/2014,0.74
3,4/23/2014,5.00
4,4/23/2014,3.95
5,4/23/2014,2.99
6,4/23/2014,7.70
7,4/23/2014,6.74
8,4/23/2014,6.89
9,4/23/2014,9.00
10,4/23/2014,5.06
11,4/23/2014,2.09
0,4/24/2014,8.80
1,4/24/2014,5.30
2,4/24/2014,9.90
3,4/24/2014,8.25
4,4/24/2014,6.12
5,4/24/2014,3.38
6,4/24/2014,1.12
7,4/24/2014,9.38
8,4/24/2014,8.35
9,4/24/2014,9.54
10,4/24/2014,7.64
11,4/24/2014,2.54
0,4/25/2014,7.22
1,4/25/2014,7.15
2,4/25/2014,7.41
3,4/25/2014,2.14
4,4/25/2014,6.46
5,4/25/2014,1.17
6,4/25/2014,9.14
7,4/25/2014,2.12
8,4/25/2014,5.41
9,4/25/2014,6.38
10,4/25/2014,0.87
11,4/25/2014,8.05
0,4/26/2014,3.38
1,4/26/2014,1.77
2,4/26/2014,8.07
3,4/26/2014,2.27
4,4/26/2014,6.50
5,4/26/2014,7.03
6,4/26/2014,6.92
7,4/26/2014,4.19
8,4/26/2014,3.37
9,4/26/2014,3.58
10,4/26/2014,7.36
11,4/26/2014,4.03
0,4/27/2014,0.98
1,4/27/2014,1.59
2,4/27/2014,4.34
3,4/27/2014,3.12
4,4/27/2014,7.73
5,4/27/2014,6.81
6,4/27/2014,5.22
7,4/27/2014,5.79
8,4/27/2014,6.25
9,4/27/2014,5.66
10,4/27/2014,5.51
11,4/27/2014,7.82
0,4/28/2014,4.40
1,4/28/2014,4.70
2,4/28/2014,5.51
3,4/28/2014,4.65
4,4/28/2014,9.64
5,4/28/2014,1.16
6,4/28/2014,5.37
7,4/28/2014,7.69
8,4/28/2014,8.09
9,4/28/2014,4.52
10,4/28/2014,6.69
11,4/28/2014,0.83
0,4/29/2014,7.14
1,4/29/2014,5.07
2,4/29/2014,4.71
3,4/29/2014,0.45
4,4/29/2014,7.08
5,4/29/2014,4.57
6,4/29/2014,6.38
7,4/29/2014,1.22
8,4/29/2014,5.52
9,4/29/2014,5.49
10,4/29/2014,5.83
11,4/29/2014,6.98
0,4/30/2014,5.60
1,4/30/2014,0.27
2,4/30/2014,0.92
3,4/30/2014,0.54
4,4/30/2014,7.76
5,4/30/2014,9.02
6,4/30/2014,1.41
7,4/30/2014,8.96
8,4/30/2014,2.97
9,4/30/2014,4.50
10,4/30/2014,1.79
11,4/30/2014,1.00
0,5/1/2014,4.38
1,5/1/2014,6.10
2,5/1/2014,9.64
3,5/1/2014,1.55
4,5/1/2014,3.38
5,5/1/2014,0.22
6,5/1/2014,3.34
7,5/1/2014,4.10
8,5/1/2014,5.68
9,5/1/2014,3.41
10,5/1/2014,1.31
11,5/1/2014,5.66
0,5/2/2014,2.53
1,5/2/2014,5.52
2,5/2/2014,8.82
3,5/2/2014,0.36
4,5/2/2014,2.55
5,5/2/2014,4.89
6,5/2/2014,7.07
7,5/2/2014,7.33
8,5/2/2014,9.97
9,5/2/2014,4.17
10,5/2/2014,3.98
11,5/2/2014,5.58
0,5/3/2014,5.65
1,5/3/2014,5.58
2,5/3/2014,5.36
3,5/3/2014,3.65
4,5/3/2014,8.43
5,5/3/2014,6.85
6,5/3/2014,0.24
7,5/3/2014,4.59
8,5/3/2014,5.75
9,5/3/2014,4.71
10,5/3/2014,4.44
11,5/3/2014,7.62
0,5/4/2014,3.83
1,5/4/2014,0.95
2,5/4/2014,1.86
3,5/4/2014,5.90
4,5/4/2014,0.11
5,5/4/2014,7.35
6,5/4/2014,3.93
7,5/4/2014,6.65
8,5/4/2014,2.42
9,5/4/2014,9.43
10,5/4/2014,3.95
11,5/4/2014,3.33
0,5/5/2014,2.49
1,5/5/2014,6.09
2,5/5/2014,4.16
3,5/5/2014,1.93
4,5/5/2014,3.71
5,5/5/2014,1.32
6,5/5/2014,0.82
7,5/5/2014,2.98
8,5/5/2014,6.86
9,5/5/2014,6.83
10,5/5/2014,3.96
11,5/5/2014,8.25
0,5/6/2014,0.55
1,5/6/2014,9.50
2,5/6/2014,6.53
3,5/6/2014,6.65
4,5/6/2014,7.28
5,5/6/2014,5.42
6,5/6/2014,0.06
7,5/6/2014,6.83
8,5/6/2014,0.08
9,5/6/2014,3.41
10,5/6/2014,2.05
11,5/6/2014,5.06
0,5/7/2014,9.03
1,5/7/2014,4.07
2,5/7/2014,3.80
3,5/7/2014,5.49
4,5/7/2014,1.96
5,5/7/2014,7.16
6,5/7/2014,5.98
7,5/7/2014,6.88
8,5/7/2014,8.56
9,5/7/2014,9.30
10,5/7/2014,3.19
11,5/7/2014,3.68
0,5/8/2014,2.51
1,5/8/2014,5.78
2,5/8/2014,8.20
3,5/8/2014,2.18
4,5/8/2014,2.20
5,5/8/2014,5.44
6,5/8/2014,1.11
7,5/8/2014,1.96
8,5/8/2014,6.17
9,5/8/2014,5.08
10,5/8/2014,8.44
11,5/8/2014,0.99
0,5/9/2014,6.31
1,5/9/2014,0.25
2,5/9/2014,2.83
3,5/9/2014,8.19
4,5/9/2014,8.02
5,5/9/2014,2.89
6,5/9/2014,4.06
7,5/9/2014,0.81
8,5/9/2014,3.77
9,5/9/2014,1.88
10,5/9/2014,8.37
11,5/9/2014,5.21
0,5/10/2014,3.70
1,5/10/2014,2.08
2,5/10/2014,4.09
3,5/10/2014,8.71
4,5/10/2014,4.44
5,5/10/2014,8.64
6,5/10/2014,8.00
7,5/10/2014,7.05
8,5/10/2014,5.40
9,5/10/2014,8.19
10,5/10/2014,8.86
11,5/10/2014,6.69
0,5/11/2014,9.61
1,5/11/2014,5.83
2,5/11/2014,1.47
3,5/11/2014,3.69
4,5/11/2014,5.35
5,5/11/2014,6.96
6,5/11/2014,7.14
7,5/11/2014,1.28
8,5/11/2014,2.91
9,5/11/2014,6.00
10,5/11/2014,4.20
11,5/11/2014,6.31
0,5/12/2014,0.53
1,5/12/2014,9.76
2,5/12/2014,5.23
3,5/12/2014,0.73
4,5/12/2014,2.85
5,5/12/2014,2.05
6,5/12/2014,6.00
7,5/12/2014,7.99
8,5/12/2014,4.84
9,5/12/2014,7.16
10,5/12/2014,4.90
11,5/12/2014,5.90
0,5/13/2014,4.47
1,5/13/2014,4.51
2,5/13/2014,0.56
3,5/13/2014,6.84
4,5/13/2014,7.67
5,5/13/2014,3.44
6,5/13/2014,9.63
7,5/13/2014,3.23
8,5/13/2014,9.98
9,5/13/2014,7.19
10,5/13/2014,6.42
11,5/13/2014,1.58
0,5/14/2014,9.96
1,5/14/2014,7.61
2,5/14/2014,0.97
3,5/14/2014,0.81
4,5/14/2014,1.30
5,5/14/2014,7.89
6,5/14/2014,2.35
7,5/14/2014,1.53
8,5/14/2014,1.72
9,5/14/2014,8.52
10,5/14/2014,9.53
11,5/14/2014,1.10
0,5/15/2014,9.09
1,5/15/2014,3.12
2,5/15/2014,3.16
3,5/15/2014,5.91
4,5/15/2014,7.18
5,5/15/2014,4.58
6,5/15/2014,7.51
7,5/15/2014,6.04
8,5/15/2014,6.23
9,5/15/2014,8.52
10,5/15/2014,3.77
11,5/15/2014,9.56
0,5/16/2014,6.43
1,5/16/2014,0.96
2,5/16/2014,2.08
3,5/16/2014,3.37
4,5/16/2014,5.43
5,5/16/2014,9.10
6,5/16/2014,2.45
7,5/16/2014,4.94
8,5/16/2014,4.77
9,5/16/2014,9.49
10,5/16/2014,1.66
11,5/16/2014,4.81
0,5/17/2014,3.77
1,5/17/2014,5.82
2,5/17/2014,6.21
3,5/17/2014,2.49
4,5/17/2014,3.64
5,5/17/2014,9.20
6,5/17/2014,9.43
7,5/17/2014,9.80
8,5/17/2014,9.10
9,5/17/2014,7.69
10,5/17/2014,4.13
11,5/17/2014,4.13
0,5/18/2014,9.37
1,5/18/2014,7.89
2,5/18/2014,1.00
3,5/18/2014,0.66
4,5/18/2014,5.81
5,5/18/2014,0.98
6,5/18/2014,6.76
7,5/18/2014,7.27
8,5/18/2014,8.49
9,5/18/2014,7.44
10,5/18/2014,5.66
11,5/18/2014,7.69
0,5/19/2014,0.07
1,5/19/2014,9.53
2,5/19/2014,2.19
3,5/19/2014,8.74
4,5/19/2014,1.05
5,5/19/2014,8.38
6,5/19/2014,3.13
7,5/19/2014,5.16
8,5/19/2014,7.09
9,5/19/2014,2.96
10,5/19/2014,2.09
11,5/19/2014,1.22
0,5/20/2014,5.54
1,5/20/2014,1.46
2,5/20/2014,0.26
3,5/20/2014,1.77
4,5/20/2014,5.34
5,5/20/2014,1.76
6,5/20/2014,3.22
7,5/20/2014,6.64
8,5/20/2014,1.84
9,5/20/2014,6.60
10,5/20/2014,4.42
11,5/20/2014,1.34
0,5/21/2014,5.40
1,5/21/2014,0.77
2,5/21/2014,2.74
3,5/21/2014,3.89
4,5/21/2014,0.94
5,5/21/2014,2.07
6,5/21/2014,3.30
7,5/21/2014,2.42
8,5/21/2014,3.36
9,5/21/2014,5.42
10,5/21/2014,7.77
11,5/21/2014,0.52
0,5/22/2014,2.71
1,5/22/2014,9.29
2,5/22/2014,2.73
3,5/22/2014,7.73
4,5/22/2014,1.44
5,5/22/2014,7.02
6,5/22/2014,2.68
7,5/22/2014,0.77
8,5/22/2014,5.54
9,5/22/2014,0.99
10,5/22/2014,7.11
11,5/22/2014,6.85
0,5/23/2014,0.68
1,5/23/2014,6.48
2,5/23/2014,9.42
3,5/23/2014,4.44
4,5/23/2014,4.10
5,5/23/2014,3.31
6,5/23/2014,9.35
7,5/23/2014,8.16
8,5/23/2014,3.49
9,5/23/2014,7.81
10,5/23/2014,9.31
11,5/23/2014,4.05
0,5/24/2014,4.03
1,5/24/2014,4.33
2,5/24/2014,9.61
3,5/24/2014,8.61
4,5/24/2014,5.83
5,5/24/2014,5.74
6,5/24/2014,6.84
7,5/24/2014,9.90
8,5/24/2014,4.86
9,5/24/2014,4.80
10,5/24/2014,4.98
11,5/24/2014,2.10
0,5/25/2014,1.78
1,5/25/2014,3.86
2,5/25/2014,8.70
3,5/25/2014,5.21
4,5/25/2014,4.94
5,5/25/2014,8.57
6,5/25/2014,4.23
7,5/25/2014,0.18
8,5/25/2014,5.41
9,5/25/2014,2.51
10,5/25/2014,3.62
11,5/25/2014,6.24
0,5/26/2014,4.65
1,5/26/2014,3.30
2,5/26/2014,4.84
3,5/26/2014,0.78
4,5/26/2014,7.54
5,5/26/2014,7.96
6,5/26/2014,1.30
7,5/26/2014,4.47
8,5/26/2014,6.73
9,5/26/2014,4.16
10,5/26/2014,1.45
11,5/26/2014,3.75
0,5/27/2014,7.41
1,5/27/2014,7.04
2,5/27/2014,0.98
3,5/27/2014,0.52
4,5/27/2014,4.93
5,5/27/2014,5.96
6,5/27/2014,7.87
7,5/27/2014,3.88
8,5/27/2014,1.84
9,5/27/2014,3.71
10,5/27/2014,2.92
11,5/27/2014,2.29
0,5/28/2014,4.85
1,5/28/2014,1.53
2,5/28/2014,6.90
3,5/28/2014,5.15
4,5/28/2014,6.79
5,5/28/2014,6.81
6,5/28/2014,8.33
7,5/28/2014,1.74
8,5/28/2014,3.28
9,5/28/2014,6.72
10,5/28/2014,5.00
11,5/28/2014,1.95
0,5/29/2014,9.11
1,5/29/2014,0.49
2,5/29/2014,6.08
3,5/29/2014,7.70
4,5/29/2014,4.67
5,5/29/2014,4.77
6,5/29/2014,1.10
7,5/29/2014,5.96
8,5/29/2014,8.22
9,5/29/2014,1.51
10,5/29/2014,6.66
11,5/29/2014,4.52
0,5/30/2014,6.29
1,5/30/2014,5.62
2,5/30/2014,1.59
3,5/30/2014,9.46
4,5/30/2014,0.46
5,5/30/2014,9.84
6,5/30/2014,6.74
7,5/30/2014,8.53
8,5/30/2014,5.53
9,5/30/2014,7.75
10,5/30/2014,5.80
11,5/30/2014,8.76
0,5/31/2014,1.11
1,5/31/2014,1.93
2,5/31/2014,9.83
3,5/31/2014,7.25
4,5/31/2014,5.93
5,5/31/2014,3.11
6,5/31/2014,8.93
7,5/31/2014,3.52
8,5/31/2014,1.59
9,5/31/2014,7.98
10,5/31/2014,1.35
11,5/31/2014,8.58
0,6/1/2014,0.62
1,6/1/2014,7.85
2,6/1/2014,1.88
3,6/1/2014,0.59
4,6/1/2014,1.84
5,6/1/2014,7.53
6,6/1/2014,8.66
7,6/1/2014,9.50
8,6/1/2014,4.33
9,6/1/2014,4.34
10,6/1/2014,9.82
11,6/1/2014,3.28
0,6/2/2014,0.57
1,6/2/2014,9.76
2,6/2/2014,9.27
3,6/2/2014,6.74
4,6/2/2014,8.01
5,6/2/2014,2.17
6,6/2/2014,3.93
7,6/2/2014,9.52
8,6/2/2014,8.21
9,6/2/2014,7.85
10,6/2/2014,2.91
11,6/2/2014,3.99
0,6/3/2014,2.10
1,6/3/2014,8.60
2,6/3/2014,3.29
3,6/3/2014,4.97
4,6/3/2014,0.28
5,6/3/2014,8.77
6,6/3/2014,5.53
7,6/3/2014,2.96
8,6/3/2014,7.47
9,6/3/2014,1.32
10,6/3/2014,6.31
11,6/3/2014,9.43
0,6/4/2014,1.12
1,6/4/2014,2.72
2,6/4/2014,6.07
3,6/4/2014,7.94
4,6/4/2014,5.08
5,6/4/2014,8.72
6,6/4/2014,3.44
7,6/4/2014,7.63
8,6/4/2014,0.56
9,6/4/2014,8.86
10,6/4/2014,8.93
11,6/4/2014,6.18
0,6/5/2014,8.40
1,6/5/2014,5.75
2,6/5/2014,5.96
3,6/5/2014,7.89
4,6/5/2014,8.51
5,6/5/2014,6.25
6,6/5/2014,8.05
7,6/5/2014,8.76
8,6/5/2014,4.63
9,6/5/2014,5.51
10,6/5/2014,7.29
11,6/5/2014,4.47
0,6/6/2014,5.13
1,6/6/2014,1.86
2,6/6/2014,0.53
3,6/6/2014,9.14
4,6/6/2014,3.70
5,6/6/2014,9.58
6,6/6/2014,6.69
7,6/6/2014,2.30
8,6/6/2014,6.47
9,6/6/2014,9.54
10,6/6/2014,0.68
11,6/6/2014,9.24
0,6/7/2014,6.30
1,6/7/2014,2.30
2,6/7/2014,6.85
3,6/7/2014,4.92
4,6/7/2014,8.22
5,6/7/2014,6.63
6,6/7/2014,7.46
7,6/7/2014,5.12
8,6/7/2014,4.58
9,6/7/2014,7.01
10,6/7/2014,0.14
11,6/7/2014,9.12
0,6/8/2014,2.60
1,6/8/2014,7.33
2,6/8/2014,1.11
3,6/8/2014,7.13
4,6/8/2014,2.08
5,6/8/2014,4.45
6,6/8/2014,0.18
7,6/8/2014,2.35
8,6/8/2014,5.89
9,6/8/2014,4.40
10,6/8/2014,7.09
11,6/8/2014,1.63
0,6/9/2014,1.40
1,6/9/2014,6.25
2,6/9/2014,8.30
3,6/9/2014,1.26
4,6/9/2014,6.64
5,6/9/2014,3.29
6,6/9/2014,7.98
7,6/9/2014,4.12
8,6/9/2014,1.08
9,6/9/2014,8.92
10,6/9/2014,6.67
11,6/9/2014,2.43
0,6/10/2014,7.15
1,6/10/2014,5.35
2,6/10/2014,6.54
3,6/10/2014,5.92
4,6/10/2014,5.44
5,6/10/2014,5.99
6,6/10/2014,2.67
7,6/10/2014,8.70
8,6/10/2014,3.23
9,6/10/2014,9.15
10,6/10/2014,5.54
11,6/10/2014,9.21
0,6/11/2014,3.63
1,6/11/2014,8.93
2,6/11/2014,1.29
3,6/11/2014,7.16
4,6/11/2014,9.74
5,6/11/2014,1.56
6,6/11/2014,2.59
7,6/11/2014,7.53
8,6/11/2014,6.69
9,6/11/2014,9.42
10,6/11/2014,4.99
11,6/11/2014,7.20
0,6/12/2014,2.02
1,6/12/2014,2.68
2,6/12/2014,0.56
3,6/12/2014,1.60
4,6/12/2014,3.97
5,6/12/2014,8.57
6,6/12/2014,3.05
7,6/12/2014,9.60
8,6/12/2014,5.68
9,6/12/2014,1.21
10,6/12/2014,6.85
11,6/12/2014,2.63
0,6/13/2014,2.59
1,6/13/2014,0.76
2,6/13/2014,4.60
3,6/13/2014,0.23
4,6/13/2014,9.87
5,6/13/2014,9.37
6,6/13/2014,7.08
7,6/13/2014,7.83
8,6/13/2014,6.34
9,6/13/2014,2.53
10,6/13/2014,2.51
11,6/13/2014,4.20
0,6/14/2014,1.50
1,6/14/2014,9.01
2,6/14/2014,1.39
3,6/14/2014,5.37
4,6/14/2014,2.74
5,6/14/2014,9.38
6,6/14/2014,7.35
7,6/14/2014,9.03
8,6/14/2014,0.42
9,6/14/2014,2.93
10,6/14/2014,4.08
11,6/14/2014,8.49
0,6/15/2014,9.56
1,6/15/2014,5.80
2,6/15/2014,3.40
3,6/15/2014,7.83
4,6/15/2014,8.27
5,6/15/2014,8.06
6,6/15/2014,9.64
7,6/15/2014,1.07
8,6/15/2014,4.62
9,6/15/2014,6.40
10,6/15/2014,1.19
11,6/15/2014,5.85
0,6/16/2014,5.76
1,6/16/2014,9.62
2,6/16/2014,0.94
3,6/16/2014,9.24
4,6/16/2014,5.10
5,6/16/2014,8.47
6,6/16/2014,3.35
7,6/16/2014,6.52
8,6/16/2014,6.26
9,6/16/2014,7.82
10,6/16/2014,7.66
11,6/16/2014,6.40
0,6/17/2014,5.24
1,6/17/2014,8.87
2,6/17/2014,3.30
3,6/17/2014,5.34
4,6/17/2014,5.39
5,6/17/2014,1.28
6,6/17/2014,5.74
7,6/17/2014,1.30
8,6/17/2014,3.60
9,6/17/2014,0.53
10,6/17/2014,8.67
11,6/17/2014,2.73
0,6/18/2014,9.44
1,6/18/2014,3.56
2,6/18/2014,0.80
3,6/18/2014,1.42
4,6/18/2014,3.80
5,6/18/2014,6.49
6,6/18/2014,3.82
7,6/18/2014,9.12
8,6/18/2014,7.43
9,6/18/2014,2.26
10,6/18/2014,1.50
11,6/18/2014,6.35
0,6/19/2014,4.91
1,6/19/2014,1.75
2,6/19/2014,8.37
3,6/19/2014,8.46
4,6/19/2014,4.58
5,6/19/2014,1.91
6,6/19/2014,0.67
7,6/19/2014,8.51
8,6/19/2014,0.35
9,6/19/2014,5.84
10,6/19/2014,1.25
11,6/19/2014,8.50
0,6/20/2014,6.98
1,6/20/2014,5.04
2,6/20/2014,5.17
3,6/20/2014,0.77
4,6/20/2014,6.57
5,6/20/2014,1.50
6,6/20/2014,2.09
7,6/20/2014,8.88
8,6/20/2014,0.19
9,6/20/2014,7.86
10,6/20/2014,7.45
11,6/20/2014,3.31
0,6/21/2014,5.33
1,6/21/2014,7.16
2,6/21/2014,4.36
3,6/21/2014,0.41
4,6/21/2014,6.77
5,6/21/2014,9.72
6,6/21/2014,4.53
7,6/21/2014,4.43
8,6/21/2014,5.78
9,6/21/2014,3.76
10,6/21/2014,7.28
11,6/21/2014,1.69
0,6/22/2014,0.13
1,6/22/2014,7.95
2,6/22/2014,2.62
3,6/22/2014,2.48
4,6/22/2014,5.22
5,6/22/2014,8.68
6,6/22/2014,5.76
7,6/22/2014,1.37
8,6/22/2014,5.02
9,6/22/2014,2.20
10,6/22/2014,7.93
11,6/22/2014,8.76
0,6/23/2014,9.83
1,6/23/2014,2.05
2,6/23/2014,0.43
3,6/23/2014,7.14
4,6/23/2014,6.92
5,6/23/2014,4.79
6,6/23/2014,6.97
7,6/23/2014,3.42
8,6/23/2014,9.05
9,6/23/2014,3.49
10,6/23/2014,2.06
11,6/23/2014,4.82
0,6/24/2014,5.53
1,6/24/2014,6.29
2,6/24/2014,1.87
3,6/24/2014,9.32
4,6/24/2014,0.05
5,6/24/2014,9.42
6,6/24/2014,7.38
7,6/24/2014,3.69
8,6/24/2014,9.86
9,6/24/2014,7.85
10,6/24/2014,8.99
11,6/24/2014,0.89
0,6/25/2014,0.96
1,6/25/2014,3.95
2,6/25/2014,5.62
3,6/25/2014,6.40
4,6/25/2014,4.96
5,6/25/2014,4.44
6,6/25/2014,1.43
7,6/25/2014,7.77
8,6/25/2014,4.19
9,6/25/2014,8.55
10,6/25/2014,7.78
11,6/25/2014,4.40
0,6/26/2014,2.81
1,6/26/2014,5.55
2,6/26/2014,8.62
3,6/26/2014,5.54
4,6/26/2014,3.69
5,6/26/2014,8.59
6,6/26/2014,2.93
7,6/26/2014,2.58
8,6/26/2014,2.41
9,6/26/2014,2.43
10,6/26/2014,8.61
11,6/26/2014,8.17
0,6/27/2014,2.28
1,6/27/2014,6.78
2,6/27/2014,8.60
3,6/27/2014,8.85
4,6/27/2014,6.69
5,6/27/2014,3.64
6,6/27/2014,1.34
7,6/27/2014,9.40
8,6/27/2014,8.08
9,6/27/2014,6.65
10,6/27/2014,4.53
11,6/27/2014,7.31
0,6/28/2014,6.13
1,6/28/2014,2.71
2,6/28/2014,3.40
3,6/28/2014,2.87
4,6/28/2014,1.03
5,6/28/2014,1.26
6,6/28/2014,1.79
7,6/28/2014,5.88
8,6/28/2014,1.78
9,6/28/2014,4.86
10,6/28/2014,7.60
11,6/28/2014,3.18
0,6/29/2014,3.56
1,6/29/2014,5.05
2,6/29/2014,1.63
3,6/29/2014,1.94
4,6/29/2014,2.57
5,6/29/2014,1.59
6,6/29/2014,2.83
7,6/29/2014,2.61
8,6/29/2014,1.58
9,6/29/2014,9.13
10,6/29/2014,1.01
11,6/29/2014,1.90
0,6/30/2014,4.64
1,6/30/2014,4.91
2,6/30/2014,2.63
3,6/30/2014,0.63
4,6/30/2014,4.53
5,6/30/2014,2.96
6,6/30/2014,4.22
7,6/30/2014,3.24
8,6/30/2014,2.53
9,6/30/2014,5.25
10,6/30/2014,2.80
11,6/30/2014,6.18
0,7/1/2014,5.89
1,7/1/2014,7.68
2,7/1/2014,2.46
3,7/1/2014,9.89
4,7/1/2014,4.88
5,7/1/2014,9.67
6,7/1/2014,1.59
7,7/1/2014,4.66
8,7/1/2014,7.83
9,7/1/2014,8.93
10,7/1/2014,5.86
11,7/1/2014,4.59
0,7/2/2014,9.66
1,7/2/2014,9.47
2,7/2/2014,7.77
3,7/2/2014,4.47
4,7/2/2014,6.45
5,7/2/2014,9.64
6,7/2/2014,4.82
7,7/2/2014,4.03
8,7/2/2014,6.52
9,7/2/2014,8.76
10,7/2/2014,5.05
11,7/2/2014,0.48
0,7/3/2014,6.12
1,7/3/2014,5.48
2,7/3/2014,0.06
3,7/3/2014,5.37
4,7/3/2014,6.11
5,7/3/2014,8.20
6,7/3/2014,3.30
7,7/3/2014,3.85
8,7/3/2014,4.58
9,7/3/2014,8.42
10,7/3/2014,3.33
11,7/3/2014,5.08
0,7/4/2014,9.21
1,7/4/2014,0.35
2,7/4/2014,9.86
3,7/4/2014,0.66
4,7/4/2014,2.24
5,7/4/2014,6.29
6,7/4/2014,3.23
7,7/4/2014,3.51
8,7/4/2014,0.41
9,7/4/2014,5.89
10,7/4/2014,6.50
11,7/4/2014,4.05
0,7/5/2014,2.16
1,7/5/2014,8.48
2,7/5/2014,2.90
3,7/5/2014,1.33
4,7/5/2014,4.09
5,7/5/2014,2.24
6,7/5/2014,0.34
7,7/5/2014,6.98
8,7/5/2014,9.54
9,7/5/2014,0.94
10,7/5/2014,9.25
11,7/5/2014,6.13
0,7/6/2014,2.61
1,7/6/2014,8.63
2,7/6/2014,9.22
3,7/6/2014,5.45
4,7/6/2014,1.81
5,7/6/2014,5.61
6,7/6/2014,5.35
7,7/6/2014,0.28
8,7/6/2014,9.37
9,7/6/2014,4.33
10,7/6/2014,4.84
11,7/6/2014,4.36
0,7/7/2014,3.28
1,7/7/2014,2.14
2,7/7/2014,0.65
3,7/7/2014,3.45
4,7/7/2014,1.62
5,7/7/2014,9.06
6,7/7/2014,9.20
7,7/7/2014,0.74
8,7/7/2014,0.61
9,7/7/2014,2.41
10,7/7/2014,5.78
11,7/7/2014,5.90
0,7/8/2014,0.72
1,7/8/2014,7.24
2,7/8/2014,2.63
3,7/8/2014,1.59
4,7/8/2014,7.82
5,7/8/2014,0.52
6,7/8/2014,1.39
7,7/8/2014,0.79
8,7/8/2014,9.78
9,7/8/2014,0.09
10,7/8/2014,3.97
11,7/8/2014,6.03
0,7/9/2014,2.24
1,7/9/2014,3.70
2,7/9/2014,3.02
3,7/9/2014,6.70
4,7/9/2014,1.30
5,7/9/2014,2.32
6,7/9/2014,6.16
7,7/9/2014,4.01
8,7/9/2014,5.00
9,7/9/2014,1.98
10,7/9/2014,6.23
11,7/9/2014,3.76
0,7/10/2014,9.71
1,7/10/2014,2.38
2,7/10/2014,2.75
3,7/10/2014,6.33
4,7/10/2014,2.64
5,7/10/2014,6.96
6,7/10/2014,9.16
7,7/10/2014,9.30
8,7/10/2014,6.56
9,7/10/2014,7.94
10,7/10/2014,3.71
11,7/10/2014,3.10
0,7/11/2014,8.31
1,7/11/2014,2.53
2,7/11/2014,1.68
3,7/11/2014,1.63
4,7/11/2014,8.24
5,7/11/2014,0.67
6,7/11/2014,1.01
7,7/11/2014,0.51
8,7/11/2014,4.11
9,7/11/2014,2.89
10,7/11/2014,3.23
11,7/11/2014,2.78
0,7/12/2014,8.77
1,7/12/2014,6.99
2,7/12/2014,7.27
3,7/12/2014,8.00
4,7/12/2014,8.18
5,7/12/2014,5.74
6,7/12/2014,3.64
7,7/12/2014,3.82
8,7/12/2014,2.79
9,7/12/2014,3.79
10,7/12/2014,3.03
11,7/12/2014,0.63
0,7/13/2014,2.92
1,7/13/2014,0.96
2,7/13/2014,3.94
3,7/13/2014,8.63
4,7/13/2014,6.23
5,7/13/2014,0.77
6,7/13/2014,0.91
7,7/13/2014,3.91
8,7/13/2014,3.15
9,7/13/2014,7.66
10,7/13/2014,6.51
11,7/13/2014,4.61
0,7/14/2014,4.73
1,7/14/2014,3.57
2,7/14/2014,7.26
3,7/14/2014,0.68
4,7/14/2014,5.37
5,7/14/2014,4.97
6,7/14/2014,6.51
7,7/14/2014,1.40
8,7/14/2014,2.27
9,7/14/2014,4.12
10,7/14/2014,4.45
11,7/14/2014,2.45
0,7/15/2014,2.08
1,7/15/2014,4.33
2,7/15/2014,9.01
3,7/15/2014,0.94
4,7/15/2014,5.17
5,7/15/2014,7.50
6,7/15/2014,9.53
7,7/15/2014,9.76
8,7/15/2014,7.32
9,7/15/2014,3.73
10,7/15/2014,8.69
11,7/15/2014,5.00
0,7/16/2014,8.93
1,7/16/2014,6.82
2,7/16/2014,7.41
3,7/16/2014,8.90
4,7/16/2014,2.28
5,7/16/2014,6.77
6,7/16/2014,1.58
7,7/16/2014,8.49
8,7/16/2014,7.89
9,7/16/2014,0.15
10,7/16/2014,9.11
11,7/16/2014,4.66
0,7/17/2014,2.24
1,7/17/2014,1.70
2,7/17/2014,0.76
3,7/17/2014,9.68
4,7/17/2014,0.40
5,7/17/2014,6.31
6,7/17/2014,8.45
7,7/17/2014,1.35
8,7/17/2014,8.67
9,7/17/2014,8.59
10,7/17/2014,0.32
11,7/17/2014,0.76
0,7/18/2014,4.44
1,7/18/2014,8.39
2,7/18/2014,2.62
3,7/18/2014,6.83
4,7/18/2014,2.70
5,7/18/2014,4.70
6,7/18/2014,4.71
7,7/18/2014,4.63
8,7/18/2014,1.16
9,7/18/2014,6.74
10,7/18/2014,5.03
11,7/18/2014,6.77
0,7/19/2014,8.88
1,7/19/2014,1.07
2,7/19/2014,2.61
3,7/19/2014,6.50
4,7/19/2014,6.59
5,7/19/2014,5.47
6,7/19/2014,0.82
7,7/19/2014,8.83
8,7/19/2014,0.34
9,7/19/2014,5.67
10,7/19/2014,7.52
11,7/19/2014,1.29
0,7/20/2014,3.84
1,7/20/2014,9.16
2,7/20/2014,8.52
3,7/20/2014,9.05
4,7/20/2014,9.34
5,7/20/2014,0.82
6,7/20/2014,9.27
7,7/20/2014,0.14
8,7/20/2014,0.94
9,7/20/2014,8.75
10,7/20/2014,3.20
11,7/20/2014,5.13
0,7/21/2014,9.33
1,7/21/2014,5.46
2,7/21/2014,3.50
3,7/21/2014,2.30
4,7/21/2014,1.86
5,7/21/2014,8.22
6,7/21/2014,9.58
7,7/21/2014,3.85
8,7/21/2014,7.37
9,7/21/2014,4.93
10,7/21/2014,8.39
11,7/21/2014,0.50
0,7/22/2014,0.72
1,7/22/2014,6.37
2,7/22/2014,5.48
3,7/22/2014,2.34
4,7/22/2014,8.29
5,7/22/2014,3.66
6,7/22/2014,0.75
7,7/22/2014,1.15
8,7/22/2014,1.72
9,7/22/2014,9.94
10,7/22/2014,8.98
11,7/22/2014,5.45
0,7/23/2014,4.17
1,7/23/2014,8.73
2,7/23/2014,5.67
3,7/23/2014,2.59
4,7/23/2014,9.89
5,7/23/2014,7.59
6,7/23/2014,4.90
7,7/23/2014,3.88
8,7/23/2014,5.70
9,7/23/2014,4.46
10,7/23/2014,6.77
11,7/23/2014,7.43
0,7/24/2014,0.09
1,7/24/2014,5.93
2,7/24/2014,8.68
3,7/24/2014,0.46
4,7/24/2014,3.89
5,7/24/2014,1.06
6,7/24/2014,6.46
7,7/24/2014,7.60
8,7/24/2014,4.43
9,7/24/2014,2.01
10,7/24/2014,8.44
11,7/24/2014,4.04
0,7/25/2014,3.79
1,7/25/2014,2.56
2,7/25/2014,8.07
3,7/25/2014,2.80
4,7/25/2014,0.55
5,7/25/2014,8.78
6,7/25/2014,8.33
7,7/25/2014,3.51
8,7/25/2014,3.60
9,7/25/2014,2.00
10,7/25/2014,4.33
11,7/25/2014,6.11
0,7/26/2014,5.86
1,7/26/2014,2.50
2,7/26/2014,8.81
3,7/26/2014,6.45
4,7/26/2014,5.88
5,7/26/2014,4.09
6,7/26/2014,8.99
7,7/26/2014,2.58
8,7/26/2014,5.17
9,7/26/2014,3.87
10,7/26/2014,2.08
11,7/26/2014,9.76
0,7/27/2014,9.27
1,7/27/2014,8.30
2,7/27/2014,1.25
3,7/27/2014,9.33
4,7/27/2014,1.97
5,7/27/2014,6.95
6,7/27/2014,3.32
7,7/27/2014,1.97
8,7/27/2014,2.26
9,7/27/2014,7.66
10,7/27/2014,4.53
11,7/27/2014,8.08
0,7/28/2014,5.65
1,7/28/2014,2.34
2,7/28/2014,0.78
3,7/28/2014,9.40
4,7/28/2014,2.71
5,7/28/2014,1.20
6,7/28/2014,4.42
7,7/28/2014,3.66
8,7/28/2014,9.83
9,7/28/2014,3.88
10,7/28/2014,0.64
11,7/28/2014,1.01
0,7/29/2014,9.42
1,7/29/2014,0.30
2,7/29/2014,2.36
3,7/29/2014,4.48
4,7/29/2014,9.37
5,7/29/2014,0.41
6,7/29/2014,4.48
7,7/29/2014,9.05
8,7/29/2014,4.51
9,7/29/2014,1.86
10,7/29/2014,4.67
11,7/29/2014,3.29
0,7/30/2014,5.97
1,7/30/2014,6.68
2,7/30/2014,0.36
3,7/30/2014,5.27
4,7/30/2014,7.93
5,7/30/2014,3.58
6,7/30/2014,8.86
7,7/30/2014,9.47
8,7/30/2014,5.03
9,7/30/2014,0.01
10,7/30/2014,0.34
11,7/30/2014,5.03
0,7/31/2014,7.92
1,7/31/2014,9.32
2,7/31/2014,1.42
3,7/31/2014,6.04
4,7/31/2014,8.78
5,7/31/2014,1.82
6,7/31/2014,0.43
7,7/31/2014,3.83
8,7/31/2014,3.63
9,7/31/2014,4.71
10,7/31/2014,4.32
11,7/31/2014,7.54
0,8/1/2014,3.08
1,8/1/2014,5.64
2,8/1/2014,0.85
3,8/1/2014,3.63
4,8/1/2014,8.75
5,8/1/2014,6.02
6,8/1/2014,9.32
7,8/1/2014,7.30
8,8/1/2014,8.21
9,8/1/2014,5.68
10,8/1/2014,7.45
11,8/1/2014,8.72
0,8/2/2014,7.42
1,8/2/2014,7.63
2,8/2/2014,2.22
3,8/2/2014,4.86
4,8/2/2014,5.86
5,8/2/2014,2.57
6,8/2/2014,7.40
7,8/2/2014,3.19
8,8/2/2014,6.22
9,8/2/2014,5.80
10,8/2/2014,1.42
11,8/2/2014,7.23
0,8/3/2014,7.64
1,8/3/2014,5.35
2,8/3/2014,4.78
3,8/3/2014,4.91
4,8/3/2014,8.47
5,8/3/2014,9.26
6,8/3/2014,7.59
7,8/3/2014,9.91
8,8/3/2014,2.46
9,8/3/2014,1.33
10,8/3/2014,4.26
11,8/3/2014,3.16
0,8/4/2014,9.78
1,8/4/2014,9.46
2,8/4/2014,4.03
3,8/4/2014,6.03
4,8/4/2014,2.95
5,8/4/2014,8.00
6,8/4/2014,3.55
7,8/4/2014,9.64
8,8/4/2014,5.89
9,8/4/2014,5.66
10,8/4/2014,9.51
11,8/4/2014,4.77
0,8/5/2014,3.33
1,8/5/2014,3.41
2,8/5/2014,7.79
3,8/5/2014,5.09
4,8/5/2014,6.92
5,8/5/2014,2.93
6,8/5/2014,8.07
7,8/5/2014,2.40
8,8/5/2014,3.91
9,8/5/2014,4.28
10,8/5/2014,1.48
11,8/5/2014,6.26
0,8/6/2014,3.93
1,8/6/2014,3.31
2,8/6/2014,2.66
3,8/6/2014,1.99
4,8/6/2014,9.60
5,8/6/2014,3.37
6,8/6/2014,6.18
7,8/6/2014,0.46
8,8/6/2014,6.97
9,8/6/2014,2.89
10,8/6/2014,2.09
11,8/6/2014,0.19
0,8/7/2014,2.68
1,8/7/2014,0.29
2,8/7/2014,4.61
3,8/7/2014,7.38
4,8/7/2014,5.60
5,8/7/2014,0.42
6,8/7/2014,3.06
7,8/7/2014,2.21
8,8/7/2014,2.11
9,8/7/2014,2.16
10,8/7/2014,4.35
11,8/7/2014,0.49
0,8/8/2014,5.85
1,8/8/2014,4.96
2,8/8/2014,1.91
3,8/8/2014,8.21
4,8/8/2014,4.66
5,8/8/2014,3.50
6,8/8/2014,6.78
7,8/8/2014,2.57
8,8/8/2014,9.83
9,8/8/2014,3.25
10,8/8/2014,2.80
11,8/8/2014,7.42
0,8/9/2014,5.22
1,8/9/2014,6.70
2,8/9/2014,9.35
3,8/9/2014,2.85
4,8/9/2014,6.81
5,8/9/2014,9.41
6,8/9/2014,1.81
7,8/9/2014,8.15
8,8/9/2014,6.45
9,8/9/2014,7.36
10,8/9/2014,2.06
11,8/9/2014,5.29
0,8/10/2014,7.03
1,8/10/2014,2.48
2,8/10/2014,8.95
3,8/10/2014,4.88
4,8/10/2014,0.25
5,8/10/2014,0.89
6,8/10/2014,1.02
7,8/10/2014,0.26
8,8/10/2014,2.12
9,8/10/2014,9.49
10,8/10/2014,2.32
11,8/10/2014,5.76
0,8/11/2014,6.10
1,8/11/2014,9.77
2,8/11/2014,5.01
3,8/11/2014,4.43
4,8/11/2014,8.21
5,8/11/2014,4.63
6,8/11/2014,1.55
7,8/11/2014,6.68
8,8/11/2014,3.78
9,8/11/2014,2.73
10,8/11/2014,3.06
11,8/11/2014,6.02
0,8/12/2014,0.81
1,8/12/2014,7.17
2,8/12/2014,9.69
3,8/12/2014,0.10
4,8/12/2014,0.61
5,8/12/2014,0.26
6,8/12/2014,3.74
7,8/12/2014,5.14
8,8/12/2014,2.49
9,8/12/2014,3.54
10,8/12/2014,5.72
11,8/12/2014,10.00
0,8/13/2014,5.57
1,8/13/2014,2.84
2,8/13/2014,9.39
3,8/13/2014,1.48
4,8/13/2014,7.31
5,8/13/2014,1.53
6,8/13/2014,1.85
7,8/13/2014,6.00
8,8/13/2014,5.58
9,8/13/2014,1.05
10,8/13/2014,0.86
11,8/13/2014,4.08
0,8/14/2014,8.17
1,8/14/2014,6.80
2,8/14/2014,2.79
3,8/14/2014,3.03
4,8/14/2014,1.22
5,8/14/2014,9.26
6,8/14/2014,0.96
7,8/14/2014,0.35
8,8/14/2014,6.07
9,8/14/2014,4.64
10,8/14/2014,6.07
11,8/14/2014,4.70
0,8/15/2014,2.16
1,8/15/2014,6.82
2,8/15/2014,7.33
3,8/15/2014,4.14
4,8/15/2014,2.22
5,8/15/2014,2.34
6,8/15/2014,5.67
7,8/15/2014,1.54
8,8/15/2014,4.63
9,8/15/2014,3.51
10,8/15/2014,7.79
11,8/15/2014,5.03
0,8/16/2014,7.22
1,8/16/2014,9.98
2,8/16/2014,3.13
3,8/16/2014,7.59
4,8/16/2014,6.17
5,8/16/2014,8.30
6,8/16/2014,4.02
7,8/16/2014,3.56
8,8/16/2014,3.24
9,8/16/2014,9.98
10,8/16/2014,3.18
11,8/16/2014,1.12
0,8/17/2014,5.06
1,8/17/2014,2.95
2,8/17/2014,1.45
3,8/17/2014,9.73
4,8/17/2014,8.17
5,8/17/2014,8.39
6,8/17/2014,3.21
7,8/17/2014,8.21
8,8/17/2014,4.50
9,8/17/2014,4.69
10,8/17/2014,6.32
11,8/17/2014,4.38
0,8/18/2014,2.98
1,8/18/2014,3.02
2,8/18/2014,8.60
3,8/18/2014,0.05
4,8/18/2014,4.08
5,8/18/2014,4.43
6,8/18/2014,2.86
7,8/18/2014,5.66
8,8/18/2014,6.12
9,8/18/2014,6.60
10,8/18/2014,8.24
11,8/18/2014,7.33
0,8/19/2014,3.68
1,8/19/2014,9.77
2,8/19/2014,6.40
3,8/19/2014,5.46
4,8/19/2014,1.20
5,8/19/2014,4.92
6,8/19/2014,7.22
7,8/19/2014,7.93
8,8/19/2014,7.10
9,8/19/2014,4.23
10,8/19/2014,0.43
11,8/19/2014,2.93
0,8/20/2014,6.71
1,8/20/2014,3.26
2,8/20/2014,5.99
3,8/20/2014,6.20
4,8/20/2014,5.73
5,8/20/2014,6.92
6,8/20/2014,8.46
7,8/20/2014,4.77
8,8/20/2014,9.17
9,8/20/2014,5.97
10,8/20/2014,8.07
11,8/20/2014,4.87
0,8/21/2014,4.66
1,8/21/2014,9.28
2,8/21/2014,3.60
3,8/21/2014,4.60
4,8/21/2014,3.44
5,8/21/2014,7.53
6,8/21/2014,0.62
7,8/21/2014,3.05
8,8/21/2014,6.21
9,8/21/2014,7.83
10,8/21/2014,1.80
11,8/21/2014,6.16
0,8/22/2014,6.47
1,8/22/2014,5.02
2,8/22/2014,4.73
3,8/22/2014,6.38
4,8/22/2014,8.56
5,8/22/2014,4.71
6,8/22/2014,6.66
7,8/22/2014,7.42
8,8/22/2014,3.26
9,8/22/2014,5.18
10,8/22/2014,4.99
11,8/22/2014,7.63
0,8/23/2014,9.47
1,8/23/2014,0.03
2,8/23/2014,6.69
3,8/23/2014,5.53
4,8/23/2014,6.43
5,8/23/2014,1.22
6,8/23/2014,0.17
7,8/23/2014,8.95
8,8/23/2014,7.53
9,8/23/2014,2.61
10,8/23/2014,7.98
11,8/23/2014,4.65
0,8/24/2014,3.01
1,8/24/2014,7.28
2,8/24/2014,9.42
3,8/24/2014,9.02
4,8/24/2014,6.18
5,8/24/2014,8.25
6,8/24/2014,8.15
7,8/24/2014,1.46
8,8/24/2014,4.93
9,8/24/2014,0.89
10,8/24/2014,0.86
11,8/24/2014,1.27
0,8/25/2014,7.79
1,8/25/2014,7.16
2,8/25/2014,9.57
3,8/25/2014,5.70
4,8/25/2014,1.87
5,8/25/2014,6.37
6,8/25/2014,2.16
7,8/25/2014,1.54
8,8/25/2014,8.08
9,8/25/2014,4.52
10,8/25/2014,2.59
11,8/25/2014,5.16
0,8/26/2014,7.75
1,8/26/2014,4.30
2,8/26/2014,4.77
3,8/26/2014,6.12
4,8/26/2014,3.24
5,8/26/2014,0.99
6,8/26/2014,1.98
7,8/26/2014,7.73
8,8/26/2014,4.80
9,8/26/2014,5.22
10,8/26/2014,6.41
11,8/26/2014,3.84
0,8/27/2014,4.89
1,8/27/2014,2.05
2,8/27/2014,2.20
3,8/27/2014,4.90
4,8/27/2014,1.32
5,8/27/2014,7.57
6,8/27/2014,8.64
7,8/27/2014,7.90
8,8/27/2014,0.40
9,8/27/2014,7.90
10,8/27/2014,9.59
11,8/27/2014,4.15
0,8/28/2014,1.98
1,8/28/2014,3.09
2,8/28/2014,8.95
3,8/28/2014,6.18
4,8/28/2014,8.54
5,8/28/2014,7.97
6,8/28/2014,2.33
7,8/28/2014,9.86
8,8/28/2014,2.04
9,8/28/2014,4.62
10,8/28/2014,9.28
11,8/28/2014,0.86
0,8/29/2014,3.12
1,8/29/2014,6.74
2,8/29/2014,1.18
3,8/29/2014,5.02
4,8/29/2014,9.15
5,8/29/2014,4.56
6,8/29/2014,5.37
7,8/29/2014,0.84
8,8/29/2014,9.55
9,8/29/2014,9.76
10,8/29/2014,6.66
11,8/29/2014,8.37
0,8/30/2014,9.03
1,8/30/2014,4.07
2,8/30/2014,3.94
3,8/30/2014,2.99
4,8/30/2014,1.93
5,8/30/2014,1.75
6,8/30/2014,0.96
7,8/30/2014,4.38
8,8/30/2014,3.98
9,8/30/2014,5.89
10,8/30/2014,6.92
11,8/30/2014,0.70
0,8/31/2014,0.68
1,8/31/2014,0.58
2,8/31/2014,5.14
3,8/31/2014,5.55
4,8/31/2014,5.30
5,8/31/2014,6.31
6,8/31/2014,4.90
7,8/31/2014,0.57
8,8/31/2014,3.22
9,8/31/2014,4.04
10,8/31/2014,4.82
11,8/31/2014,9.50
0,9/1/2014,3.46
1,9/1/2014,3.89
2,9/1/2014,3.95
3,9/1/2014,0.99
4,9/1/2014,2.80
5,9/1/2014,8.25
6,9/1/2014,9.97
7,9/1/2014,5.40
8,9/1/2014,2.51
9,9/1/2014,5.49
10,9/1/2014,3.00
11,9/1/2014,8.31
0,9/2/2014,3.03
1,9/2/2014,9.45
2,9/2/2014,7.07
3,9/2/2014,7.04
4,9/2/2014,7.15
5,9/2/2014,2.36
6,9/2/2014,0.92
7,9/2/2014,9.23
8,9/2/2014,7.98
9,9/2/2014,3.21
10,9/2/2014,4.22
11,9/2/2014,2.29
0,9/3/2014,4.13
1,9/3/2014,1.63
2,9/3/2014,5.41
3,9/3/2014,0.34
4,9/3/2014,0.69
5,9/3/2014,7.67
6,9/3/2014,2.39
7,9/3/2014,1.09
8,9/3/2014,1.50
9,9/3/2014,1.10
10,9/3/2014,8.07
11,9/3/2014,8.29
0,9/4/2014,4.80
1,9/4/2014,0.04
2,9/4/2014,8.47
3,9/4/2014,6.83
4,9/4/2014,2.10
5,9/4/2014,7.70
6,9/4/2014,2.44
7,9/4/2014,6.63
8,9/4/2014,7.10
9,9/4/2014,7.63
10,9/4/2014,8.27
11,9/4/2014,8.19
0,9/5/2014,0.12
1,9/5/2014,2.37
2,9/5/2014,4.65
3,9/5/2014,7.62
4,9/5/2014,0.89
5,9/5/2014,7.97
6,9/5/2014,0.20
7,9/5/2014,1.25
8,9/5/2014,1.93
9,9/5/2014,6.81
10,9/5/2014,8.42
11,9/5/2014,0.26
0,9/6/2014,2.75
1,9/6/2014,4.19
2,9/6/2014,2.68
3,9/6/2014,4.18
4,9/6/2014,5.03
5,9/6/2014,9.96
6,9/6/2014,8.79
7,9/6/2014,7.69
8,9/6/2014,7.73
9,9/6/2014,5.07
10,9/6/2014,1.08
11,9/6/2014,9.05
0,9/7/2014,1.37
1,9/7/2014,4.40
2,9/7/2014,1.76
3,9/7/2014,0.26
4,9/7/2014,0.50
5,9/7/2014,1.17
6,9/7/2014,2.19
7,9/7/2014,8.08
8,9/7/2014,3.88
9,9/7/2014,5.79
10,9/7/2014,8.90
11,9/7/2014,2.51
0,9/8/2014,2.59
1,9/8/2014,1.26
2,9/8/2014,7.09
3,9/8/2014,4.19
4,9/8/2014,7.44
5,9/8/2014,0.44
6,9/8/2014,9.09
7,9/8/2014,5.15
8,9/8/2014,8.05
9,9/8/2014,5.58
10,9/8/2014,5.37
11,9/8/2014,7.76
0,9/9/2014,8.13
1,9/9/2014,9.03
2,9/9/2014,1.74
3,9/9/2014,5.44
4,9/9/2014,2.83
5,9/9/2014,5.09
6,9/9/2014,6.52
7,9/9/2014,4.66
8,9/9/2014,7.01
9,9/9/2014,6.76
10,9/9/2014,8.40
11,9/9/2014,2.11
0,9/10/2014,5.17
1,9/10/2014,8.21
2,9/10/2014,6.58
3,9/10/2014,2.58
4,9/10/2014,7.25
5,9/10/2014,2.78
6,9/10/2014,2.08
7,9/10/2014,3.02
8,9/10/2014,7.28
9,9/10/2014,9.32
10,9/10/2014,0.76
11,9/10/2014,5.42
0,9/11/2014,5.85
1,9/11/2014,4.31
2,9/11/2014,6.44
3,9/11/2014,6.86
4,9/11/2014,0.62
5,9/11/2014,5.46
6,9/11/2014,5.10
7,9/11/2014,7.99
8,9/11/2014,3.86
9,9/11/2014,3.24
10,9/11/2014,8.94
11,9/11/2014,2.07
0,9/12/2014,9.98
1,9/12/2014,0.35
2,9/12/2014,3.00
3,9/12/2014,5.78
4,9/12/2014,1.15
5,9/12/2014,5.55
6,9/12/2014,5.15
7,9/12/2014,9.18
8,9/12/2014,3.83
9,9/12/2014,7.51
10,9/12/2014,4.61
11,9/12/2014,6.93
0,9/13/2014,4.85
1,9/13/2014,6.50
2,9/13/2014,3.44
3,9/13/2014,4.90
4,9/13/2014,1.01
5,9/13/2014,6.30
6,9/13/2014,9.80
7,9/13/2014,6.24
8,9/13/2014,2.46
9,9/13/2014,6.81
10,9/13/2014,2.11
11,9/13/2014,9.06
0,9/14/2014,6.27
1,9/14/2014,7.74
2,9/14/2014,8.02
3,9/14/2014,3.29
4,9/14/2014,3.52
5,9/14/2014,7.79
6,9/14/2014,3.24
7,9/14/2014,7.72
8,9/14/2014,9.70
9,9/14/2014,9.03
10,9/14/2014,0.42
11,9/14/2014,9.66
0,9/15/2014,6.22
1,9/15/2014,5.74
2,9/15/2014,0.25
3,9/15/2014,8.59
4,9/15/2014,7.61
5,9/15/2014,8.45
6,9/15/2014,2.69
7,9/15/2014,2.13
8,9/15/2014,7.60
9,9/15/2014,8.35
10,9/15/2014,8.62
11,9/15/2014,7.17
0,9/16/2014,4.92
1,9/16/2014,4.81
2,9/16/2014,9.08
3,9/16/2014,1.92
4,9/16/2014,8.68
5,9/16/2014,8.77
6,9/16/2014,1.56
7,9/16/2014,4.47
8,9/16/2014,1.52
9,9/16/2014,7.85
10,9/16/2014,0.90
11,9/16/2014,1.94
0,9/17/2014,8.37
1,9/17/2014,4.74
2,9/17/2014,5.15
3,9/17/2014,0.06
4,9/17/2014,7.71
5,9/17/2014,8.93
6,9/17/2014,5.06
7,9/17/2014,6.95
8,9/17/2014,2.32
9,9/17/2014,3.62
10,9/17/2014,9.88
11,9/17/2014,6.14
0,9/18/2014,6.26
1,9/18/2014,3.41
2,9/18/2014,0.82
3,9/18/2014,3.74
4,9/18/2014,5.66
5,9/18/2014,5.76
6,9/18/2014,7.89
7,9/18/2014,1.26
8,9/18/2014,1.07
9,9/18/2014,8.96
10,9/18/2014,5.60
11,9/18/2014,1.17
0,9/19/2014,0.74
1,9/19/2014,1.85
2,9/19/2014,7.90
3,9/19/2014,4.68
4,9/19/2014,5.00
5,9/19/2014,6.37
6,9/19/2014,2.68
7,9/19/2014,2.14
8,9/19/2014,3.86
9,9/19/2014,1.92
10,9/19/2014,2.29
11,9/19/2014,4.73
0,9/20/2014,1.98
1,9/20/2014,1.88
2,9/20/2014,6.76
3,9/20/2014,2.40
4,9/20/2014,7.06
5,9/20/2014,6.45
6,9/20/2014,3.13
7,9/20/2014,7.28
8,9/20/2014,0.79
9,9/20/2014,2.72
10,9/20/2014,5.40
11,9/20/2014,3.27
0,9/21/2014,3.94
1,9/21/2014,2.38
2,9/21/2014,6.67
3,9/21/2014,2.71
4,9/21/2014,0.70
5,9/21/2014,9.96
6,9/21/2014,7.00
7,9/21/2014,8.10
8,9/21/2014,0.74
9,9/21/2014,9.43
10,9/21/2014,8.11
11,9/21/2014,2.40
0,9/22/2014,1.38
1,9/22/2014,5.24
2,9/22/2014,8.53
3,9/22/2014,4.64
4,9/22/2014,6.37
5,9/22/2014,4.49
6,9/22/2014,1.23
7,9/22/2014,8.16
8,9/22/2014,2.23
9,9/22/2014,0.47
10,9/22/2014,8.69
11,9/22/2014,8.09
0,9/23/2014,7.91
1,9/23/2014,4.53
2,9/23/2014,9.56
3,9/23/2014,0.66
4,9/23/2014,8.63
5,9/23/2014,2.09
6,9/23/2014,4.54
7,9/23/2014,1.96
8,9/23/2014,0.09
9,9/23/2014,0.84
10,9/23/2014,8.75
11,9/23/2014,5.25
0,9/24/2014,5.05
1,9/24/2014,4.13
2,9/24/2014,2.47
3,9/24/2014,6.65
4,9/24/2014,0.23
5,9/24/2014,9.91
6,9/24/2014,1.81
7,9/24/2014,6.26
8,9/24/2014,7.77
9,9/24/2014,6.44
10,9/24/2014,6.46
11,9/24/2014,7.78
0,9/25/2014,2.41
1,9/25/2014,8.88
2,9/25/2014,1.87
3,9/25/2014,3.07
4,9/25/2014,2.04
5,9/25/2014,7.39
6,9/25/2014,9.44
7,9/25/2014,9.09
8,9/25/2014,7.07
9,9/25/2014,5.87
10,9/25/2014,9.18
11,9/25/2014,4.19
0,9/26/2014,1.31
1,9/26/2014,2.56
2,9/26/2014,5.88
3,9/26/2014,7.16
4,9/26/2014,4.92
5,9/26/2014,8.02
6,9/26/2014,1.90
7,9/26/2014,7.51
8,9/26/2014,8.64
9,9/26/2014,3.48
10,9/26/2014,6.22
11,9/26/2014,7.62
0,9/27/2014,6.38
1,9/27/2014,2.65
2,9/27/2014,2.53
3,9/27/2014,8.04
4,9/27/2014,2.67
5,9/27/2014,3.14
6,9/27/2014,6.34
7,9/27/2014,5.12
8,9/27/2014,0.37
9,9/27/2014,9.33
10,9/27/2014,4.36
11,9/27/2014,6.28
0,9/28/2014,3.30
1,9/28/2014,7.24
2,9/28/2014,7.81
3,9/28/2014,1.75
4,9/28/2014,8.81
5,9/28/2014,3.26
6,9/28/2014,4.95
7,9/28/2014,3.50
8,9/28/2014,4.62
9,9/28/2014,2.89
10,9/28/2014,6.95
11,9/28/2014,1.15
0,9/29/2014,5.46
1,9/29/2014,2.76
2,9/29/2014,5.99
3,9/29/2014,2.12
4,9/29/2014,5.05
5,9/29/2014,8.77
6,9/29/2014,3.41
7,9/29/2014,8.05
8,9/29/2014,0.52
9,9/29/2014,6.31
10,9/29/2014,1.44
11,9/29/2014,2.49
0,9/30/2014,7.34
1,9/30/2014,3.45
2,9/30/2014,1.53
3,9/30/2014,5.50
4,9/30/2014,4.74
5,9/30/2014,6.86
6,9/30/2014,8.45
7,9/30/2014,9.16
8,9/30/2014,3.36
9,9/30/2014,0.83
10,9/30/2014,9.96
11,9/30/2014,4.34
0,10/1/2014,9.31
1,10/1/2014,3.93
2,10/1/2014,7.83
3,10/1/2014,3.01
4,10/1/2014,1.29
5,10/1/2014,4.54
6,10/1/2014,7.94
7,10/1/2014,2.48
8,10/1/2014,0.36
9,10/1/2014,6.12
10,10/1/2014,3.62
11,10/1/2014,7.42
0,10/2/2014,5.22
1,10/2/2014,5.07
2,10/2/2014,8.63
3,10/2/2014,3.27
4,10/2/2014,9.30
5,10/2/2014,9.70
6,10/2/2014,3.66
7,10/2/2014,9.60
8,10/2/2014,9.75
9,10/2/2014,6.52
10,10/2/2014,2.90
11,10/2/2014,5.63
0,10/3/2014,2.86
1,10/3/2014,0.77
2,10/3/2014,5.42
3,10/3/2014,0.53
4,10/3/2014,4.47
5,10/3/2014,1.98
6,10/3/2014,9.11
7,10/3/2014,0.32
8,10/3/2014,9.05
9,10/3/2014,1.64
10,10/3/2014,4.26
11,10/3/2014,9.47
0,10/4/2014,6.12
1,10/4/2014,9.07
2,10/4/2014,7.06
3,10/4/2014,9.80
4,10/4/2014,7.92
5,10/4/2014,4.14
6,10/4/2014,3.31
7,10/4/2014,1.55
8,10/4/2014,8.26
9,10/4/2014,9.77
10,10/4/2014,6.80
11,10/4/2014,1.27
0,10/5/2014,8.23
1,10/5/2014,5.19
2,10/5/2014,6.94
3,10/5/2014,9.34
4,10/5/2014,0.97
5,10/5/2014,1.29
6,10/5/2014,5.46
7,10/5/2014,5.19
8,10/5/2014,4.10
9,10/5/2014,2.61
10,10/5/2014,2.39
11,10/5/2014,2.02
0,10/6/2014,5.87
1,10/6/2014,6.84
2,10/6/2014,7.76
3,10/6/2014,4.00
4,10/6/2014,7.65
5,10/6/2014,1.32
6,10/6/2014,6.18
7,10/6/2014,7.92
8,10/6/2014,3.70
9,10/6/2014,8.06
10,10/6/2014,8.35
11,10/6/2014,8.23
0,10/7/2014,6.55
1,10/7/2014,3.03
2,10/7/2014,5.05
3,10/7/2014,9.13
4,10/7/2014,4.68
5,10/7/2014,3.21
6,10/7/2014,6.64
7,10/7/2014,9.76
8,10/7/2014,7.85
9,10/7/2014,4.56
10,10/7/2014,3.03
11,10/7/2014,8.99
0,10/8/2014,4.11
1,10/8/2014,7.63
2,10/8/2014,7.36
3,10/8/2014,4.43
4,10/8/2014,1.66
5,10/8/2014,2.73
6,10/8/2014,9.28
7,10/8/2014,6.04
8,10/8/2014,8.35
9,10/8/2014,5.67
10,10/8/2014,2.35
11,10/8/2014,8.81
0,10/9/2014,1.18
1,10/9/2014,6.19
2,10/9/2014,3.53
3,10/9/2014,0.28
4,10/9/2014,8.53
5,10/9/2014,5.59
6,10/9/2014,1.99
7,10/9/2014,8.15
8,10/9/2014,7.76
9,10/9/2014,7.00
10,10/9/2014,8.52
11,10/9/2014,0.42
0,10/10/2014,2.27
1,10/10/2014,1.68
2,10/10/2014,6.64
3,10/10/2014,5.54
4,10/10/2014,2.28
5,10/10/2014,7.36
6,10/10/2014,1.33
7,10/10/2014,2.87
8,10/10/2014,5.74
9,10/10/2014,0.04
10,10/10/2014,1.51
11,10/10/2014,4.22
0,10/11/2014,6.73
1,10/11/2014,9.22
2,10/11/2014,8.16
3,10/11/2014,6.11
4,10/11/2014,1.23
5,10/11/2014,7.18
6,10/11/2014,0.50
7,10/11/2014,7.95
8,10/11/2014,2.10
9,10/11/2014,7.34
10,10/11/2014,9.27
11,10/11/2014,6.34
0,10/12/2014,7.68
1,10/12/2014,3.13
2,10/12/2014,7.15
3,10/12/2014,6.57
4,10/12/2014,1.62
5,10/12/2014,8.42
6,10/12/2014,3.64
7,10/12/2014,2.95
8,10/12/2014,4.31
9,10/12/2014,3.02
10,10/12/2014,3.46
11,10/12/2014,6.55
0,10/13/2014,0.36
1,10/13/2014,1.77
2,10/13/2014,5.22
3,10/13/2014,4.61
4,10/13/2014,9.77
5,10/13/2014,3.82
6,10/13/2014,9.67
7,10/13/2014,8.67
8,10/13/2014,5.24
9,10/13/2014,9.43
10,10/13/2014,5.13
11,10/13/2014,9.79
0,10/14/2014,1.97
1,10/14/2014,5.33
2,10/14/2014,0.68
3,10/14/2014,7.68
4,10/14/2014,1.53
5,10/14/2014,5.91
6,10/14/2014,6.88
7,10/14/2014,7.32
8,10/14/2014,6.03
9,10/14/2014,6.98
10,10/14/2014,7.30
11,10/14/2014,0.97
0,10/15/2014,4.74
1,10/15/2014,0.60
2,10/15/2014,3.80
3,10/15/2014,5.67
4,10/15/2014,0.42
5,10/15/2014,4.61
6,10/15/2014,2.93
7,10/15/2014,6.26
8,10/15/2014,9.22
9,10/15/2014,8.02
10,10/15/2014,0.79
11,10/15/2014,1.99
0,10/16/2014,3.90
1,10/16/2014,3.76
2,10/16/2014,8.97
3,10/16/2014,0.20
4,10/16/2014,7.12
5,10/16/2014,3.96
6,10/16/2014,4.73
7,10/16/2014,4.11
8,10/16/2014,8.17
9,10/16/2014,8.62
10,10/16/2014,4.42
11,10/16/2014,2.94
0,10/17/2014,4.14
1,10/17/2014,7.67
2,10/17/2014,0.38
3,10/17/2014,1.83
4,10/17/2014,3.83
5,10/17/2014,8.22
6,10/17/2014,8.00
7,10/17/2014,5.62
8,10/17/2014,0.77
9,10/17/2014,3.05
10,10/17/2014,1.40
11,10/17/2014,5.64
0,10/18/2014,9.81
1,10/18/2014,4.02
2,10/18/2014,3.45
3,10/18/2014,0.67
4,10/18/2014,0.42
5,10/18/2014,4.20
6,10/18/2014,8.13
7,10/18/2014,4.14
8,10/18/2014,8.52
9,10/18/2014,5.32
10,10/18/2014,1.01
11,10/18/2014,7.14
0,10/19/2014,7.98
1,10/19/2014,3.15
2,10/19/2014,6.78
3,10/19/2014,3.42
4,10/19/2014,2.09
5,10/19/2014,1.89
6,10/19/2014,0.97
7,10/19/2014,5.66
8,10/19/2014,5.51
9,10/19/2014,0.13
10,10/19/2014,6.84
11,10/19/2014,4.46
0,10/20/2014,6.96
1,10/20/2014,5.12
2,10/20/2014,7.28
3,10/20/2014,0.42
4,10/20/2014,3.38
5,10/20/2014,9.20
6,10/20/2014,6.04
7,10/20/2014,7.10
8,10/20/2014,7.09
9,10/20/2014,1.97
10,10/20/2014,1.95
11,10/20/2014,7.78
0,10/21/2014,8.52
1,10/21/2014,4.66
2,10/21/2014,5.02
3,10/21/2014,1.35
4,10/21/2014,8.14
5,10/21/2014,8.32
6,10/21/2014,3.43
7,10/21/2014,3.80
8,10/21/2014,3.39
9,10/21/2014,6.09
10,10/21/2014,5.83
11,10/21/2014,9.80
0,10/22/2014,7.76
1,10/22/2014,0.68
2,10/22/2014,4.58
3,10/22/2014,5.39
4,10/22/2014,1.98
5,10/22/2014,2.20
6,10/22/2014,1.37
7,10/22/2014,6.80
8,10/22/2014,9.53
9,10/22/2014,8.07
10,10/22/2014,8.43
11,10/22/2014,2.25
0,10/23/2014,1.68
1,10/23/2014,6.65
2,10/23/2014,5.17
3,10/23/2014,3.22
4,10/23/2014,0.56
5,10/23/2014,7.98
6,10/23/2014,2.37
7,10/23/2014,9.52
8,10/23/2014,2.21
9,10/23/2014,0.89
10,10/23/2014,3.30
11,10/23/2014,7.37
0,10/24/2014,5.28
1,10/24/2014,3.10
2,10/24/2014,3.99
3,10/24/2014,3.10
4,10/24/2014,5.54
5,10/24/2014,2.07
6,10/24/2014,2.98
7,10/24/2014,5.99
8,10/24/2014,0.46
9,10/24/2014,7.97
10,10/24/2014,4.10
11,10/24/2014,2.55
0,10/25/2014,2.99
1,10/25/2014,6.26
2,10/25/2014,4.67
3,10/25/2014,0.93
4,10/25/2014,9.09
5,10/25/2014,7.05
6,10/25/2014,5.30
7,10/25/2014,8.80
8,10/25/2014,8.28
9,10/25/2014,9.92
10,10/25/2014,7.16
11,10/25/2014,0.16
0,10/26/2014,3.00
1,10/26/2014,8.33
2,10/26/2014,6.57
3,10/26/2014,6.24
4,10/26/2014,7.90
5,10/26/2014,4.85
6,10/26/2014,7.52
7,10/26/2014,4.12
8,10/26/2014,6.91
9,10/26/2014,9.21
10,10/26/2014,7.12
11,10/26/2014,1.58
0,10/27/2014,2.55
1,10/27/2014,4.64
2,10/27/2014,0.30
3,10/27/2014,0.78
4,10/27/2014,8.78
5,10/27/2014,3.52
6,10/27/2014,5.25
7,10/27/2014,4.17
8,10/27/2014,5.95
9,10/27/2014,2.84
10,10/27/2014,2.98
11,10/27/2014,5.44
0,10/28/2014,4.26
1,10/28/2014,1.49
2,10/28/2014,0.19
3,10/28/2014,4.93
4,10/28/2014,9.72
5,10/28/2014,5.68
6,10/28/2014,6.99
7,10/28/2014,3.78
8,10/28/2014,4.96
9,10/28/2014,6.71
10,10/28/2014,7.78
11,10/28/2014,3.67
0,10/29/2014,5.83
1,10/29/2014,4.86
2,10/29/2014,6.25
3,10/29/2014,9.02
4,10/29/2014,3.36
5,10/29/2014,6.62
6,10/29/2014,3.03
7,10/29/2014,7.09
8,10/29/2014,0.14
9,10/29/2014,8.06
10,10/29/2014,7.72
11,10/29/2014,6.88
0,10/30/2014,9.18
1,10/30/2014,5.67
2,10/30/2014,5.29
3,10/30/2014,2.05
4,10/30/2014,3.56
5,10/30/2014,7.67
6,10/30/2014,0.67
7,10/30/2014,4.03
8,10/30/2014,4.93
9,10/30/2014,2.78
10,10/30/2014,4.10
11,10/30/2014,1.44
0,10/31/2014,9.46
1,10/31/2014,0.53
2,10/31/2014,4.37
3,10/31/2014,8.77
4,10/31/2014,0.55
5,10/31/2014,7.21
6,10/31/2014,6.57
7,10/31/2014,2.36
8,10/31/2014,8.66
9,10/31/2014,4.00
10,10/31/2014,5.88
11,10/31/2014,4.77
0,11/1/2014,9.74
1,11/1/2014,9.36
2,11/1/2014,9.24
3,11/1/2014,8.78
4,11/1/2014,5.87
5,11/1/2014,6.29
6,11/1/2014,2.38
7,11/1/2014,1.36
8,11/1/2014,3.00
9,11/1/2014,5.66
10,11/1/2014,0.19
11,11/1/2014,3.49
0,11/2/2014,3.72
1,11/2/2014,1.35
2,11/2/2014,5.15
3,11/2/2014,6.44
4,11/2/2014,4.90
5,11/2/2014,9.15
6,11/2/2014,9.58
7,11/2/2014,6.51
8,11/2/2014,3.34
9,11/2/2014,1.18
10,11/2/2014,4.38
11,11/2/2014,0.30
0,11/3/2014,5.73
1,11/3/2014,9.91
2,11/3/2014,9.28
3,11/3/2014,9.69
4,11/3/2014,2.59
5,11/3/2014,0.91
6,11/3/2014,6.77
7,11/3/2014,1.56
8,11/3/2014,9.85
9,11/3/2014,1.72
10,11/3/2014,4.67
11,11/3/2014,9.77
0,11/4/2014,5.87
1,11/4/2014,4.50
2,11/4/2014,0.56
3,11/4/2014,8.53
4,11/4/2014,6.01
5,11/4/2014,4.41
6,11/4/2014,4.38
7,11/4/2014,4.54
8,11/4/2014,1.84
9,11/4/2014,1.45
10,11/4/2014,4.49
11,11/4/2014,2.04
0,11/5/2014,7.07
1,11/5/2014,3.13
2,11/5/2014,6.07
3,11/5/2014,9.45
4,11/5/2014,7.62
5,11/5/2014,7.27
6,11/5/2014,0.56
7,11/5/2014,8.16
8,11/5/2014,9.11
9,11/5/2014,8.90
10,11/5/2014,8.97
11,11/5/2014,4.28
0,11/6/2014,0.95
1,11/6/2014,3.24
2,11/6/2014,2.14
3,11/6/2014,1.92
4,11/6/2014,2.58
5,11/6/2014,6.94
6,11/6/2014,6.23
7,11/6/2014,2.16
8,11/6/2014,4.10
9,11/6/2014,3.09
10,11/6/2014,2.02
11,11/6/2014,5.34
0,11/7/2014,0.48
1,11/7/2014,1.87
2,11/7/2014,2.93
3,11/7/2014,5.64
4,11/7/2014,5.71
5,11/7/2014,7.12
6,11/7/2014,7.33
7,11/7/2014,5.82
8,11/7/2014,1.07
9,11/7/2014,1.46
10,11/7/2014,7.71
11,11/7/2014,7.07
0,11/8/2014,9.36
1,11/8/2014,6.55
2,11/8/2014,0.64
3,11/8/2014,3.44
4,11/8/2014,5.22
5,11/8/2014,2.90
6,11/8/2014,8.85
7,11/8/2014,2.98
8,11/8/2014,0.32
9,11/8/2014,3.45
10,11/8/2014,9.22
11,11/8/2014,7.97
0,11/9/2014,0.86
1,11/9/2014,8.36
2,11/9/2014,7.85
3,11/9/2014,4.69
4,11/9/2014,4.03
5,11/9/2014,4.13
6,11/9/2014,6.93
7,11/9/2014,9.29
8,11/9/2014,9.67
9,11/9/2014,8.76
10,11/9/2014,6.21
11,11/9/2014,9.92
0,11/10/2014,2.83
1,11/10/2014,6.24
2,11/10/2014,5.45
3,11/10/2014,6.96
4,11/10/2014,3.47
5,11/10/2014,7.52
6,11/10/2014,3.64
7,11/10/2014,2.54
8,11/10/2014,9.49
9,11/10/2014,2.66
10,11/10/2014,4.56
11,11/10/2014,7.65
0,11/11/2014,0.33
1,11/11/2014,8.27
2,11/11/2014,8.29
3,11/11/2014,0.34
4,11/11/2014,9.11
5,11/11/2014,7.22
6,11/11/2014,3.09
7,11/11/2014,1.17
8,11/11/2014,3.04
9,11/11/2014,3.16
10,11/11/2014,2.10
11,11/11/2014,2.78
0,11/12/2014,2.90
1,11/12/2014,0.37
2,11/12/2014,5.22
3,11/12/2014,8.81
4,11/12/2014,4.91
5,11/12/2014,0.95
6,11/12/2014,7.13
7,11/12/2014,3.83
8,11/12/2014,0.31
9,11/12/2014,5.01
10,11/12/2014,8.77
11,11/12/2014,9.80
0,11/13/2014,0.40
1,11/13/2014,6.30
2,11/13/2014,0.86
3,11/13/2014,6.70
4,11/13/2014,8.25
5,11/13/2014,5.37
6,11/13/2014,5.19
7,11/13/2014,4.39
8,11/13/2014,0.72
9,11/13/2014,4.55
10,11/13/2014,1.18
11,11/13/2014,0.54
0,11/14/2014,8.70
1,11/14/2014,4.30
2,11/14/2014,2.88
3,11/14/2014,4.62
4,11/14/2014,6.86
5,11/14/2014,8.48
6,11/14/2014,4.23
7,11/14/2014,1.14
8,11/14/2014,8.42
9,11/14/2014,6.78
10,11/14/2014,8.46
11,11/14/2014,6.21
0,11/15/2014,5.14
1,11/15/2014,6.21
2,11/15/2014,0.84
3,11/15/2014,0.42
4,11/15/2014,7.17
5,11/15/2014,0.07
6,11/15/2014,2.84
7,11/15/2014,7.39
8,11/15/2014,2.77
9,11/15/2014,1.78
10,11/15/2014,9.53
11,11/15/2014,1.88
0,11/16/2014,3.16
1,11/16/2014,3.31
2,11/16/2014,1.44
3,11/16/2014,3.48
4,11/16/2014,3.48
5,11/16/2014,2.57
6,11/16/2014,6.93
7,11/16/2014,1.90
8,11/16/2014,7.00
9,11/16/2014,1.88
10,11/16/2014,0.56
11,11/16/2014,7.85
0,11/17/2014,5.79
1,11/17/2014,0.13
2,11/17/2014,8.77
3,11/17/2014,8.85
4,11/17/2014,8.05
5,11/17/2014,4.47
6,11/17/2014,4.30
7,11/17/2014,3.00
8,11/17/2014,8.92
9,11/17/2014,3.55
10,11/17/2014,6.89
11,11/17/2014,5.00
0,11/18/2014,9.25
1,11/18/2014,3.14
2,11/18/2014,8.88
3,11/18/2014,7.53
4,11/18/2014,3.88
5,11/18/2014,6.90
6,11/18/2014,0.77
7,11/18/2014,8.30
8,11/18/2014,9.50
9,11/18/2014,9.23
10,11/18/2014,3.88
11,11/18/2014,7.63
0,11/19/2014,9.80
1,11/19/2014,4.98
2,11/19/2014,3.93
3,11/19/2014,3.80
4,11/19/2014,4.58
5,11/19/2014,0.49
6,11/19/2014,2.21
7,11/19/2014,4.05
8,11/19/2014,8.01
9,11/19/2014,3.78
10,11/19/2014,8.55
11,11/19/2014,6.94
0,11/20/2014,0.65
1,11/20/2014,7.26
2,11/20/2014,3.27
3,11/20/2014,7.87
4,11/20/2014,9.01
5,11/20/2014,5.00
6,11/20/2014,3.96
7,11/20/2014,3.40
8,11/20/2014,6.51
9,11/20/2014,8.13
10,11/20/2014,6.25
11,11/20/2014,1.27
0,11/21/2014,9.63
1,11/21/2014,5.97
2,11/21/2014,7.06
3,11/21/2014,2.85
4,11/21/2014,3.31
5,11/21/2014,7.73
6,11/21/2014,2.89
7,11/21/2014,1.60
8,11/21/2014,0.74
9,11/21/2014,9.28
10,11/21/2014,5.44
11,11/21/2014,6.18
0,11/22/2014,3.26
1,11/22/2014,2.31
2,11/22/2014,1.75
3,11/22/2014,9.89
4,11/22/2014,7.80
5,11/22/2014,8.63
6,11/22/2014,6.33
7,11/22/2014,8.49
8,11/22/2014,0.81
9,11/22/2014,0.61
10,11/22/2014,8.25
11,11/22/2014,7.05
0,11/23/2014,9.37
1,11/23/2014,9.96
2,11/23/2014,7.03
3,11/23/2014,2.64
4,11/23/2014,2.92
5,11/23/2014,0.74
6,11/23/2014,7.49
7,11/23/2014,3.95
8,11/23/2014,1.15
9,11/23/2014,9.62
10,11/23/2014,4.96
11,11/23/2014,0.46
0,11/24/2014,6.87
1,11/24/2014,5.53
2,11/24/2014,9.28
3,11/24/2014,3.82
4,11/24/2014,5.58
5,11/24/2014,3.44
6,11/24/2014,8.10
7,11/24/2014,1.47
8,11/24/2014,7.23
9,11/24/2014,2.10
10,11/24/2014,7.22
11,11/24/2014,7.77
0,11/25/2014,9.46
1,11/25/2014,3.57
2,11/25/2014,8.86
3,11/25/2014,1.24
4,11/25/2014,5.48
5,11/25/2014,3.16
6,11/25/2014,6.29
7,11/25/2014,7.20
8,11/25/2014,4.75
9,11/25/2014,1.95
10,11/25/2014,7.11
11,11/25/2014,4.17
0,11/26/2014,8.78
1,11/26/2014,0.60
2,11/26/2014,5.84
3,11/26/2014,8.74
4,11/26/2014,0.01
5,11/26/2014,2.20
6,11/26/2014,0.51
7,11/26/2014,7.90
8,11/26/2014,6.64
9,11/26/2014,4.17
10,11/26/2014,7.46
11,11/26/2014,0.54
0,11/27/2014,2.53
1,11/27/2014,3.89
2,11/27/2014,2.83
3,11/27/2014,9.05
4,11/27/2014,6.66
5,11/27/2014,0.53
6,11/27/2014,9.54
7,11/27/2014,0.61
8,11/27/2014,3.70
9,11/27/2014,5.92
10,11/27/2014,3.42
11,11/27/2014,2.62
0,11/28/2014,3.25
1,11/28/2014,0.68
2,11/28/2014,3.03
3,11/28/2014,0.84
4,11/28/2014,2.68
5,11/28/2014,7.96
6,11/28/2014,3.42
7,11/28/2014,9.59
8,11/28/2014,5.63
9,11/28/2014,5.90
10,11/28/2014,5.21
11,11/28/2014,2.61
0,11/29/2014,5.83
1,11/29/2014,1.75
2,11/29/2014,7.02
3,11/29/2014,0.18
4,11/29/2014,3.78
5,11/29/2014,5.29
6,11/29/2014,1.02
7,11/29/2014,2.51
8,11/29/2014,2.08
9,11/29/2014,6.12
10,11/29/2014,8.32
11,11/29/2014,2.27
0,11/30/2014,3.75
1,11/30/2014,0.07
2,11/30/2014,3.76
3,11/30/2014,9.11
4,11/30/2014,6.62
5,11/30/2014,2.54
6,11/30/2014,6.91
7,11/30/2014,7.38
8,11/30/2014,6.08
9,11/30/2014,2.61
10,11/30/2014,9.57
11,11/30/2014,4.25
0,12/1/2014,8.05
1,12/1/2014,0.25
2,12/1/2014,8.07
3,12/1/2014,8.82
4,12/1/2014,3.52
5,12/1/2014,0.47
6,12/1/2014,2.72
7,12/1/2014,4.94
8,12/1/2014,6.50
9,12/1/2014,2.42
10,12/1/2014,5.40
11,12/1/2014,9.33
0,12/2/2014,7.09
1,12/2/2014,8.37
2,12/2/2014,0.91
3,12/2/2014,4.13
4,12/2/2014,2.78
5,12/2/2014,7.71
6,12/2/2014,6.92
7,12/2/2014,7.84
8,12/2/2014,1.42
9,12/2/2014,3.34
10,12/2/2014,2.81
11,12/2/2014,1.52
0,12/3/2014,1.06
1,12/3/2014,3.58
2,12/3/2014,7.46
3,12/3/2014,7.68
4,12/3/2014,3.51
5,12/3/2014,1.03
6,12/3/2014,1.87
7,12/3/2014,7.84
8,12/3/2014,0.13
9,12/3/2014,0.62
10,12/3/2014,3.30
11,12/3/2014,0.87
0,12/4/2014,0.97
1,12/4/2014,3.45
2,12/4/2014,3.70
3,12/4/2014,8.47
4,12/4/2014,0.80
5,12/4/2014,9.37
6,12/4/2014,6.98
7,12/4/2014,5.77
8,12/4/2014,8.53
9,12/4/2014,0.96
10,12/4/2014,6.07
11,12/4/2014,5.06
0,12/5/2014,9.51
1,12/5/2014,3.92
2,12/5/2014,3.15
3,12/5/2014,7.84
4,12/5/2014,4.31
5,12/5/2014,3.99
6,12/5/2014,3.79
7,12/5/2014,5.97
8,12/5/2014,0.55
9,12/5/2014,8.61
10,12/5/2014,8.43
11,12/5/2014,5.66
0,12/6/2014,9.41
1,12/6/2014,2.16
2,12/6/2014,2.62
3,12/6/2014,9.06
4,12/6/2014,2.12
5,12/6/2014,7.27
6,12/6/2014,1.12
7,12/6/2014,7.00
8,12/6/2014,7.20
9,12/6/2014,1.35
10,12/6/2014,9.20
11,12/6/2014,2.84
0,12/7/2014,3.63
1,12/7/2014,6.26
2,12/7/2014,8.81
3,12/7/2014,2.13
4,12/7/2014,1.17
5,12/7/2014,1.45
6,12/7/2014,6.53
7,12/7/2014,4.41
8,12/7/2014,4.30
9,12/7/2014,5.70
10,12/7/2014,4.60
11,12/7/2014,4.16
0,12/8/2014,2.49
1,12/8/2014,0.07
2,12/8/2014,6.72
3,12/8/2014,5.17
4,12/8/2014,5.73
5,12/8/2014,5.33
6,12/8/2014,5.03
7,12/8/2014,8.53
8,12/8/2014,1.17
9,12/8/2014,0.33
10,12/8/2014,5.61
11,12/8/2014,7.84
0,12/9/2014,3.20
1,12/9/2014,4.07
2,12/9/2014,5.57
3,12/9/2014,6.46
4,12/9/2014,7.10
5,12/9/2014,2.73
6,12/9/2014,6.01
7,12/9/2014,0.67
8,12/9/2014,3.57
9,12/9/2014,5.12
10,12/9/2014,1.54
11,12/9/2014,9.60
0,12/10/2014,9.68
1,12/10/2014,4.26
2,12/10/2014,9.08
3,12/10/2014,7.37
4,12/10/2014,9.60
5,12/10/2014,0.30
6,12/10/2014,5.40
7,12/10/2014,5.47
8,12/10/2014,7.47
9,12/10/2014,9.92
10,12/10/2014,5.78
11,12/10/2014,3.72
0,12/11/2014,3.23
1,12/11/2014,0.72
2,12/11/2014,3.41
3,12/11/2014,6.16
4,12/11/2014,1.47
5,12/11/2014,4.53
6,12/11/2014,2.67
7,12/11/2014,4.44
8,12/11/2014,3.03
9,12/11/2014,2.40
10,12/11/2014,7.38
11,12/11/2014,4.73
0,12/12/2014,8.50
1,12/12/2014,5.27
2,12/12/2014,9.15
3,12/12/2014,6.02
4,12/12/2014,3.18
5,12/12/2014,8.82
6,12/12/2014,9.69
7,12/12/2014,6.76
8,12/12/2014,3.31
9,12/12/2014,7.66
10,12/12/2014,5.41
11,12/12/2014,4.36
0,12/13/2014,4.07
1,12/13/2014,4.28
2,12/13/2014,2.18
3,12/13/2014,6.70
4,12/13/2014,0.89
5,12/13/2014,0.48
6,12/13/2014,3.08
7,12/13/2014,7.91
8,12/13/2014,7.13
9,12/13/2014,4.77
10,12/13/2014,2.17
11,12/13/2014,1.19
0,12/14/2014,2.50
1,12/14/2014,7.35
2,12/14/2014,2.98
3,12/14/2014,9.85
4,12/14/2014,8.85
5,12/14/2014,5.40
6,12/14/2014,1.16
7,12/14/2014,4.16
8,12/14/2014,2.07
9,12/14/2014,5.42
10,12/14/2014,6.89
11,12/14/2014,5.43
0,12/15/2014,1.54
1,12/15/2014,6.00
2,12/15/2014,4.47
3,12/15/2014,0.94
4,12/15/2014,1.36
5,12/15/2014,3.95
6,12/15/2014,2.70
7,12/15/2014,2.72
8,12/15/2014,0.88
9,12/15/2014,9.10
10,12/15/2014,2.47
11,12/15/2014,0.97
0,12/16/2014,5.53
1,12/16/2014,8.23
2,12/16/2014,4.93
3,12/16/2014,7.94
4,12/16/2014,2.85
5,12/16/2014,6.64
6,12/16/2014,6.48
7,12/16/2014,1.57
8,12/16/2014,2.67
9,12/16/2014,6.50
10,12/16/2014,5.03
11,12/16/2014,8.76
0,12/17/2014,4.97
1,12/17/2014,4.83
2,12/17/2014,5.11
3,12/17/2014,7.26
4,12/17/2014,3.65
5,12/17/2014,0.50
6,12/17/2014,8.28
7,12/17/2014,1.48
8,12/17/2014,9.50
9,12/17/2014,8.50
10,12/17/2014,9.15
11,12/17/2014,2.00
0,12/18/2014,1.15
1,12/18/2014,2.24
2,12/18/2014,6.80
3,12/18/2014,0.79
4,12/18/2014,8.51
5,12/18/2014,9.14
6,12/18/2014,5.70
7,12/18/2014,4.07
8,12/18/2014,9.01
9,12/18/2014,2.49
10,12/18/2014,0.60
11,12/18/2014,2.75
0,12/19/2014,3.58
1,12/19/2014,3.31
2,12/19/2014,4.65
3,12/19/2014,5.70
4,12/19/2014,5.85
5,12/19/2014,8.78
6,12/19/2014,0.94
7,12/19/2014,4.86
8,12/19/2014,4.86
9,12/19/2014,0.37
10,12/19/2014,3.24
11,12/19/2014,2.36
0,12/20/2014,9.13
1,12/20/2014,3.34
2,12/20/2014,3.10
3,12/20/2014,8.78
4,12/20/2014,7.31
5,12/20/2014,1.26
6,12/20/2014,6.85
7,12/20/2014,8.76
8,12/20/2014,8.53
9,12/20/2014,3.68
10,12/20/2014,7.85
11,12/20/2014,4.61
0,12/21/2014,4.03
1,12/21/2014,2.30
2,12/21/2014,6.62
3,12/21/2014,1.43
4,12/21/2014,9.81
5,12/21/2014,1.36
6,12/21/2014,3.56
7,12/21/2014,7.26
8,12/21/2014,9.18
9,12/21/2014,0.80
10,12/21/2014,7.18
11,12/21/2014,9.98
0,12/22/2014,3.09
1,12/22/2014,6.63
2,12/22/2014,3.38
3,12/22/2014,8.81
4,12/22/2014,5.62
5,12/22/2014,1.40
6,12/22/2014,0.03
7,12/22/2014,1.84
8,12/22/2014,1.77
9,12/22/2014,9.37
10,12/22/2014,4.45
11,12/22/2014,2.51
0,12/23/2014,4.81
1,12/23/2014,4.79
2,12/23/2014,0.84
3,12/23/2014,7.74
4,12/23/2014,0.83
5,12/23/2014,9.19
6,12/23/2014,8.40
7,12/23/2014,7.07
8,12/23/2014,8.88
9,12/23/2014,3.03
10,12/23/2014,1.23
11,12/23/2014,7.58
0,12/24/2014,5.92
1,12/24/2014,0.03
2,12/24/2014,5.25
3,12/24/2014,2.16
4,12/24/2014,7.60
5,12/24/2014,7.86
6,12/24/2014,8.34
7,12/24/2014,8.92
8,12/24/2014,6.87
9,12/24/2014,7.04
10,12/24/2014,4.97
11,12/24/2014,8.64
0,12/25/2014,5.10
1,12/25/2014,1.32
2,12/25/2014,7.64
3,12/25/2014,2.86
4,12/25/2014,2.06
5,12/25/2014,6.27
6,12/25/2014,3.71
7,12/25/2014,9.44
8,12/25/2014,4.05
9,12/25/2014,0.11
10,12/25/2014,7.41
11,12/25/2014,4.58
0,12/26/2014,2.36
1,12/26/2014,9.76
2,12/26/2014,4.08
3,12/26/2014,9.53
4,12/26/2014,7.18
5,12/26/2014,7.89
6,12/26/2014,5.29
7,12/26/2014,8.10
8,12/26/2014,5.96
9,12/26/2014,1.69
10,12/26/2014,1.36
11,12/26/2014,6.17
0,12/27/2014,8.82
1,12/27/2014,2.10
2,12/27/2014,0.26
3,12/27/2014,7.71
4,12/27/2014,7.81
5,12/27/2014,3.14
6,12/27/2014,0.10
7,12/27/2014,2.61
8,12/27/2014,1.40
9,12/27/2014,4.36
10,12/27/2014,5.63
11,12/27/2014,0.54
0,12/28/2014,0.10
1,12/28/2014,6.06
2,12/28/2014,8.04
3,12/28/2014,1.44
4,12/28/2014,4.52
5,12/28/2014,6.12
6,12/28/2014,1.17
7,12/28/2014,7.80
8,12/28/2014,2.35
9,12/28/2014,9.11
10,12/28/2014,6.68
11,12/28/2014,6.01
0,12/29/2014,6.51
1,12/29/2014,3.61
2,12/29/2014,5.19
3,12/29/2014,4.09
4,12/29/2014,2.71
5,12/29/2014,0.86
6,12/29/2014,0.55
7,12/29/2014,0.85
8,12/29/2014,1.23
9,12/29/2014,8.73
10,12/29/2014,9.48
11,12/29/2014,7.33
0,12/30/2014,3.91
1,12/30/2014,8.11
2,12/30/2014,9.39
3,12/30/2014,4.63
4,12/30/2014,4.91
5,12/30/2014,4.89
6,12/30/2014,3.10
7,12/30/2014,3.71
8,12/30/2014,0.43
9,12/30/2014,9.76
10,12/30/2014,0.42
11,12/30/2014,1.55
0,12/31/2014,0.75
1,12/31/2014,9.61
2,12/31/2014,2.87
3,12/31/2014,5.21
4,12/31/2014,5.48
5,12/31/2014,9.02
6,12/31/2014,9.85
7,12/31/2014,9.80
8,12/31/2014,1.20
9,12/31/2014,7.66
10,12/31/2014,1.45
11,12/31/2014,9.14